cat_type,category,subcategory,fy_qtr,litres,netsales
beer,Domestic,BC Beer Domestic - BC Commercial Beer,fiscal_2024_25_q1,30186179.0,117588906.0
beer,Domestic,BC Beer Domestic - BC Commercial Beer,fiscal_2024_25_q2,30474912.0,118276668.0
beer,Domestic,BC Beer Domestic - BC Commercial Beer,fiscal_2024_25_q3,25656254.0,101448870.0
beer,Domestic,BC Beer Domestic - BC Commercial Beer,fiscal_2024_25_q4,23403325.0,92915852.0
beer,Domestic,BC Beer Domestic - BC Commercial Beer,fiscal_2025_26_q1,27825017.0,110121222.0
beer,Domestic,BC Micro Brew Beer,fiscal_2024_25_q1,7452401.0,37591698.0
beer,Domestic,BC Micro Brew Beer,fiscal_2024_25_q2,7969643.0,40371790.0
beer,Domestic,BC Micro Brew Beer,fiscal_2024_25_q3,6059604.0,31139973.0
beer,Domestic,BC Micro Brew Beer,fiscal_2024_25_q4,5756177.0,29087999.0
beer,Domestic,BC Micro Brew Beer,fiscal_2025_26_q1,7301785.0,37368329.0
beer,Domestic,BC Regional Beer,fiscal_2024_25_q1,14220084.0,54648605.0
beer,Domestic,BC Regional Beer,fiscal_2024_25_q2,14189727.0,55044160.0
beer,Domestic,BC Regional Beer,fiscal_2024_25_q3,12468705.0,48584204.0
beer,Domestic,BC Regional Beer,fiscal_2024_25_q4,11379660.0,43766570.0
beer,Domestic,BC Regional Beer,fiscal_2025_26_q1,14571748.0,56204094.0
beer,Domestic,Other Province Beer Domestic - Other Province Commercial Beer,fiscal_2024_25_q1,10428920.0,48808662.0
beer,Domestic,Other Province Beer Domestic - Other Province Commercial Beer,fiscal_2024_25_q2,10503368.0,49459271.0
beer,Domestic,Other Province Beer Domestic - Other Province Commercial Beer,fiscal_2024_25_q3,7535138.0,36121404.0
beer,Domestic,Other Province Beer Domestic - Other Province Commercial Beer,fiscal_2024_25_q4,7007217.0,33555499.0
beer,Domestic,Other Province Beer Domestic - Other Province Commercial Beer,fiscal_2025_26_q1,10581811.0,49170224.0
beer,Domestic,Other Province Micro Brew Beer,fiscal_2024_25_q1,16622.0,102222.0
beer,Domestic,Other Province Micro Brew Beer,fiscal_2024_25_q2,32014.0,202178.0
beer,Domestic,Other Province Micro Brew Beer,fiscal_2024_25_q3,26279.0,197971.0
beer,Domestic,Other Province Micro Brew Beer,fiscal_2024_25_q4,20560.0,138141.0
beer,Domestic,Other Province Micro Brew Beer,fiscal_2025_26_q1,30509.0,194492.0
beer,Domestic,Other Province Regional Beer,fiscal_2024_25_q1,144529.0,555957.0
beer,Domestic,Other Province Regional Beer,fiscal_2024_25_q2,131145.0,516105.0
beer,Domestic,Other Province Regional Beer,fiscal_2024_25_q3,119865.0,465121.0
beer,Domestic,Other Province Regional Beer,fiscal_2024_25_q4,130879.0,493752.0
beer,Domestic,Other Province Regional Beer,fiscal_2025_26_q1,171524.0,645574.0
beer,Europe Beer,Europe Beer,fiscal_2024_25_q1,3346016.0,17998980.0
beer,Europe Beer,Europe Beer,fiscal_2024_25_q2,3390398.0,18358912.0
beer,Europe Beer,Europe Beer,fiscal_2024_25_q3,3220027.0,17525225.0
beer,Europe Beer,Europe Beer,fiscal_2024_25_q4,2984754.0,16591520.0
beer,Europe Beer,Europe Beer,fiscal_2025_26_q1,3126669.0,17181282.0
beer,Import Beer Asia And South Pacific Beer,Import Beer Asia And South Pacific Beer,fiscal_2024_25_q1,301859.0,1770352.0
beer,Import Beer Asia And South Pacific Beer,Import Beer Asia And South Pacific Beer,fiscal_2024_25_q2,330992.0,1925110.0
beer,Import Beer Asia And South Pacific Beer,Import Beer Asia And South Pacific Beer,fiscal_2024_25_q3,300872.0,1763305.0
beer,Import Beer Asia And South Pacific Beer,Import Beer Asia And South Pacific Beer,fiscal_2024_25_q4,280137.0,1660804.0
beer,Import Beer Asia And South Pacific Beer,Import Beer Asia And South Pacific Beer,fiscal_2025_26_q1,324585.0,1922111.0
beer,Mexico And Caribbean Beer,Mexico And Caribbean Beer,fiscal_2024_25_q1,493201.0,2945867.0
beer,Mexico And Caribbean Beer,Mexico And Caribbean Beer,fiscal_2024_25_q2,541430.0,3310361.0
beer,Mexico And Caribbean Beer,Mexico And Caribbean Beer,fiscal_2024_25_q3,357119.0,2230129.0
beer,Mexico And Caribbean Beer,Mexico And Caribbean Beer,fiscal_2024_25_q4,310821.0,1968593.0
beer,Mexico And Caribbean Beer,Mexico And Caribbean Beer,fiscal_2025_26_q1,438325.0,2762877.0
beer,Other Country Beer,Other Country Beer,fiscal_2024_25_q1,102750.0,647958.0
beer,Other Country Beer,Other Country Beer,fiscal_2024_25_q2,113715.0,716862.0
beer,Other Country Beer,Other Country Beer,fiscal_2024_25_q3,106396.0,660592.0
beer,Other Country Beer,Other Country Beer,fiscal_2024_25_q4,97992.0,617009.0
beer,Other Country Beer,Other Country Beer,fiscal_2025_26_q1,108243.0,680222.0
beer,USA Beer,USA Beer,fiscal_2024_25_q1,104565.0,615480.0
beer,USA Beer,USA Beer,fiscal_2024_25_q2,81763.0,525573.0
beer,USA Beer,USA Beer,fiscal_2024_25_q3,41107.0,253749.0
beer,USA Beer,USA Beer,fiscal_2024_25_q4,25497.0,179983.0
beer,USA Beer,USA Beer,fiscal_2025_26_q1,10472.0,75664.0
refreshment,Cider Domestic Cider,Cider Domestic Cider,fiscal_2024_25_q1,2491312.0,14224127.0
refreshment,Cider Domestic Cider,Cider Domestic Cider,fiscal_2024_25_q2,2848527.0,16888687.0
refreshment,Cider Domestic Cider,Cider Domestic Cider,fiscal_2024_25_q3,1905192.0,11196930.0
refreshment,Cider Domestic Cider,Cider Domestic Cider,fiscal_2024_25_q4,1660438.0,9417257.0
refreshment,Cider Domestic Cider,Cider Domestic Cider,fiscal_2025_26_q1,2443445.0,13979965.0
refreshment,Coolers Malt-Based Coolers,Coolers Malt-Based Coolers,fiscal_2024_25_q1,70037.0,363377.0
refreshment,Coolers Malt-Based Coolers,Coolers Malt-Based Coolers,fiscal_2024_25_q2,117201.0,577771.0
refreshment,Coolers Malt-Based Coolers,Coolers Malt-Based Coolers,fiscal_2024_25_q3,52005.0,263161.0
refreshment,Coolers Malt-Based Coolers,Coolers Malt-Based Coolers,fiscal_2024_25_q4,40682.0,221683.0
refreshment,Coolers Malt-Based Coolers,Coolers Malt-Based Coolers,fiscal_2025_26_q1,32840.0,202861.0
refreshment,Import Cider,Import Cider,fiscal_2024_25_q1,647830.0,3385628.0
refreshment,Import Cider,Import Cider,fiscal_2024_25_q2,691478.0,3547950.0
refreshment,Import Cider,Import Cider,fiscal_2024_25_q3,605747.0,3050117.0
refreshment,Import Cider,Import Cider,fiscal_2024_25_q4,494481.0,2621819.0
refreshment,Import Cider,Import Cider,fiscal_2025_26_q1,677601.0,3470164.0
refreshment,Spirit Coolers,Spirit Coolers,fiscal_2024_25_q1,19995242.0,105116631.0
refreshment,Spirit Coolers,Spirit Coolers,fiscal_2024_25_q2,22624910.0,120968839.0
refreshment,Spirit Coolers,Spirit Coolers,fiscal_2024_25_q3,14011494.0,75547221.0
refreshment,Spirit Coolers,Spirit Coolers,fiscal_2024_25_q4,13278828.0,72694520.0
refreshment,Spirit Coolers,Spirit Coolers,fiscal_2025_26_q1,20384604.0,108539486.0
refreshment,Wine/Fruit Coolers,Wine/Fruit Coolers,fiscal_2024_25_q1,156275.0,1275019.0
refreshment,Wine/Fruit Coolers,Wine/Fruit Coolers,fiscal_2024_25_q2,142573.0,1138113.0
refreshment,Wine/Fruit Coolers,Wine/Fruit Coolers,fiscal_2024_25_q3,99059.0,822523.0
refreshment,Wine/Fruit Coolers,Wine/Fruit Coolers,fiscal_2024_25_q4,100936.0,854849.0
refreshment,Wine/Fruit Coolers,Wine/Fruit Coolers,fiscal_2025_26_q1,123005.0,1043341.0
spirits,Asian Spirits China Spirits,Asian Spirits China Spirits,fiscal_2024_25_q1,13431.0,774814.0
spirits,Asian Spirits China Spirits,Asian Spirits China Spirits,fiscal_2024_25_q2,13655.0,854498.0
spirits,Asian Spirits China Spirits,Asian Spirits China Spirits,fiscal_2024_25_q3,16953.0,1657988.0
spirits,Asian Spirits China Spirits,Asian Spirits China Spirits,fiscal_2024_25_q4,15843.0,1455746.0
spirits,Asian Spirits China Spirits,Asian Spirits China Spirits,fiscal_2025_26_q1,12208.0,784261.0
spirits,Blended Malt Scotch Whisky,Blended Malt Scotch Whisky,fiscal_2024_25_q1,3365.0,213457.0
spirits,Blended Malt Scotch Whisky,Blended Malt Scotch Whisky,fiscal_2024_25_q2,4379.0,247446.0
spirits,Blended Malt Scotch Whisky,Blended Malt Scotch Whisky,fiscal_2024_25_q3,5383.0,336337.0
spirits,Blended Malt Scotch Whisky,Blended Malt Scotch Whisky,fiscal_2024_25_q4,4397.0,256288.0
spirits,Blended Malt Scotch Whisky,Blended Malt Scotch Whisky,fiscal_2025_26_q1,4345.0,253154.0
spirits,Blended Scotch Whisky,Blended Scotch Whisky,fiscal_2024_25_q1,220489.0,7800875.0
spirits,Blended Scotch Whisky,Blended Scotch Whisky,fiscal_2024_25_q2,201197.0,7157899.0
spirits,Blended Scotch Whisky,Blended Scotch Whisky,fiscal_2024_25_q3,246803.0,9410912.0
spirits,Blended Scotch Whisky,Blended Scotch Whisky,fiscal_2024_25_q4,197612.0,7139807.0
spirits,Blended Scotch Whisky,Blended Scotch Whisky,fiscal_2025_26_q1,197744.0,6980436.0
spirits,Bourbon Whiskey,Bourbon Whiskey,fiscal_2024_25_q1,136296.0,6313418.0
spirits,Bourbon Whiskey,Bourbon Whiskey,fiscal_2024_25_q2,124175.0,5702506.0
spirits,Bourbon Whiskey,Bourbon Whiskey,fiscal_2024_25_q3,182415.0,8862492.0
spirits,Bourbon Whiskey,Bourbon Whiskey,fiscal_2024_25_q4,112076.0,5179484.0
spirits,Bourbon Whiskey,Bourbon Whiskey,fiscal_2025_26_q1,13293.0,419971.0
spirits,Brandy,Brandy,fiscal_2024_25_q1,67223.0,1989105.0
spirits,Brandy,Brandy,fiscal_2024_25_q2,62780.0,1935321.0
spirits,Brandy,Brandy,fiscal_2024_25_q3,106122.0,3224104.0
spirits,Brandy,Brandy,fiscal_2024_25_q4,68208.0,2062821.0
spirits,Brandy,Brandy,fiscal_2025_26_q1,63768.0,1894827.0
spirits,Canadian Whisky,Canadian Whisky,fiscal_2024_25_q1,1066978.0,29066717.0
spirits,Canadian Whisky,Canadian Whisky,fiscal_2024_25_q2,1046214.0,28605601.0
spirits,Canadian Whisky,Canadian Whisky,fiscal_2024_25_q3,1221944.0,33687735.0
spirits,Canadian Whisky,Canadian Whisky,fiscal_2024_25_q4,956487.0,26574853.0
spirits,Canadian Whisky,Canadian Whisky,fiscal_2025_26_q1,1121525.0,31324101.0
spirits,Coffee And Cocoa Liqueurs,Coffee And Cocoa Liqueurs,fiscal_2024_25_q1,65678.0,1749309.0
spirits,Coffee And Cocoa Liqueurs,Coffee And Cocoa Liqueurs,fiscal_2024_25_q2,74604.0,2048655.0
spirits,Coffee And Cocoa Liqueurs,Coffee And Cocoa Liqueurs,fiscal_2024_25_q3,132805.0,3594367.0
spirits,Coffee And Cocoa Liqueurs,Coffee And Cocoa Liqueurs,fiscal_2024_25_q4,70508.0,1927947.0
spirits,Coffee And Cocoa Liqueurs,Coffee And Cocoa Liqueurs,fiscal_2025_26_q1,62368.0,1763842.0
spirits,Cognac,Cognac,fiscal_2024_25_q1,16195.0,1867628.0
spirits,Cognac,Cognac,fiscal_2024_25_q2,16417.0,1756788.0
spirits,Cognac,Cognac,fiscal_2024_25_q3,26920.0,2852656.0
spirits,Cognac,Cognac,fiscal_2024_25_q4,21454.0,2557535.0
spirits,Cognac,Cognac,fiscal_2025_26_q1,16221.0,1732944.0
spirits,Cream/Dairy Liqueurs,Cream/Dairy Liqueurs,fiscal_2024_25_q1,225650.0,6274718.0
spirits,Cream/Dairy Liqueurs,Cream/Dairy Liqueurs,fiscal_2024_25_q2,279020.0,7834161.0
spirits,Cream/Dairy Liqueurs,Cream/Dairy Liqueurs,fiscal_2024_25_q3,689125.0,19166462.0
spirits,Cream/Dairy Liqueurs,Cream/Dairy Liqueurs,fiscal_2024_25_q4,217412.0,5964526.0
spirits,Cream/Dairy Liqueurs,Cream/Dairy Liqueurs,fiscal_2025_26_q1,212970.0,5916616.0
spirits,Dark Rum,Dark Rum,fiscal_2024_25_q1,84682.0,2434481.0
spirits,Dark Rum,Dark Rum,fiscal_2024_25_q2,80504.0,2347432.0
spirits,Dark Rum,Dark Rum,fiscal_2024_25_q3,120467.0,3601239.0
spirits,Dark Rum,Dark Rum,fiscal_2024_25_q4,83830.0,2458945.0
spirits,Dark Rum,Dark Rum,fiscal_2025_26_q1,90798.0,2654560.0
spirits,Eau de Vie,Eau de Vie,fiscal_2024_25_q1,5581.0,266303.0
spirits,Eau de Vie,Eau de Vie,fiscal_2024_25_q2,4776.0,273235.0
spirits,Eau de Vie,Eau de Vie,fiscal_2024_25_q3,7748.0,378369.0
spirits,Eau de Vie,Eau de Vie,fiscal_2024_25_q4,4731.0,240257.0
spirits,Eau de Vie,Eau de Vie,fiscal_2025_26_q1,5931.0,308020.0
spirits,Flavoured Gin,Flavoured Gin,fiscal_2024_25_q1,32390.0,1168915.0
spirits,Flavoured Gin,Flavoured Gin,fiscal_2024_25_q2,33095.0,1194470.0
spirits,Flavoured Gin,Flavoured Gin,fiscal_2024_25_q3,25906.0,1017242.0
spirits,Flavoured Gin,Flavoured Gin,fiscal_2024_25_q4,20946.0,779457.0
spirits,Flavoured Gin,Flavoured Gin,fiscal_2025_26_q1,34746.0,1278222.0
spirits,Flavoured Rum,Flavoured Rum,fiscal_2024_25_q1,14267.0,407629.0
spirits,Flavoured Rum,Flavoured Rum,fiscal_2024_25_q2,15657.0,449130.0
spirits,Flavoured Rum,Flavoured Rum,fiscal_2024_25_q3,14054.0,489524.0
spirits,Flavoured Rum,Flavoured Rum,fiscal_2024_25_q4,11215.0,373076.0
spirits,Flavoured Rum,Flavoured Rum,fiscal_2025_26_q1,8561.0,315424.0
spirits,Flavoured Spirits,Flavoured Spirits,fiscal_2024_25_q1,2369.0,123152.0
spirits,Flavoured Spirits,Flavoured Spirits,fiscal_2024_25_q2,2893.0,153016.0
spirits,Flavoured Spirits,Flavoured Spirits,fiscal_2024_25_q3,17905.0,474591.0
spirits,Flavoured Spirits,Flavoured Spirits,fiscal_2024_25_q4,1887.0,84871.0
spirits,Flavoured Spirits,Flavoured Spirits,fiscal_2025_26_q1,1757.0,92366.0
spirits,Flavoured Tequila,Flavoured Tequila,fiscal_2024_25_q1,18072.0,994023.0
spirits,Flavoured Tequila,Flavoured Tequila,fiscal_2024_25_q2,20366.0,1036314.0
spirits,Flavoured Tequila,Flavoured Tequila,fiscal_2024_25_q3,17549.0,942166.0
spirits,Flavoured Tequila,Flavoured Tequila,fiscal_2024_25_q4,11924.0,622431.0
spirits,Flavoured Tequila,Flavoured Tequila,fiscal_2025_26_q1,25823.0,1257483.0
spirits,Flavoured Whisky,Flavoured Whisky,fiscal_2024_25_q1,17906.0,607639.0
spirits,Flavoured Whisky,Flavoured Whisky,fiscal_2024_25_q2,31126.0,1032943.0
spirits,Flavoured Whisky,Flavoured Whisky,fiscal_2024_25_q3,37799.0,1314804.0
spirits,Flavoured Whisky,Flavoured Whisky,fiscal_2024_25_q4,19358.0,664242.0
spirits,Flavoured Whisky,Flavoured Whisky,fiscal_2025_26_q1,13710.0,439953.0
spirits,Fruit Liqueurs,Fruit Liqueurs,fiscal_2024_25_q1,216577.0,6584692.0
spirits,Fruit Liqueurs,Fruit Liqueurs,fiscal_2024_25_q2,238989.0,7453980.0
spirits,Fruit Liqueurs,Fruit Liqueurs,fiscal_2024_25_q3,232421.0,7571281.0
spirits,Fruit Liqueurs,Fruit Liqueurs,fiscal_2024_25_q4,176383.0,5713694.0
spirits,Fruit Liqueurs,Fruit Liqueurs,fiscal_2025_26_q1,201922.0,6334673.0
spirits,Gin Dry Gin,Gin Dry Gin,fiscal_2024_25_q1,425204.0,13779822.0
spirits,Gin Dry Gin,Gin Dry Gin,fiscal_2024_25_q2,443014.0,14415265.0
spirits,Gin Dry Gin,Gin Dry Gin,fiscal_2024_25_q3,400347.0,13202535.0
spirits,Gin Dry Gin,Gin Dry Gin,fiscal_2024_25_q4,309753.0,10179664.0
spirits,Gin Dry Gin,Gin Dry Gin,fiscal_2025_26_q1,403054.0,12997252.0
spirits,Gold Tequila,Gold Tequila,fiscal_2024_25_q1,221990.0,11452337.0
spirits,Gold Tequila,Gold Tequila,fiscal_2024_25_q2,222106.0,11721646.0
spirits,Gold Tequila,Gold Tequila,fiscal_2024_25_q3,194204.0,10829780.0
spirits,Gold Tequila,Gold Tequila,fiscal_2024_25_q4,149831.0,8075055.0
spirits,Gold Tequila,Gold Tequila,fiscal_2025_26_q1,215840.0,11080863.0
spirits,Grape and Fruit Brandy Armagnac,Grape and Fruit Brandy Armagnac,fiscal_2024_25_q1,,27790.0
spirits,Grape and Fruit Brandy Armagnac,Grape and Fruit Brandy Armagnac,fiscal_2024_25_q2,,38497.0
spirits,Grape and Fruit Brandy Armagnac,Grape and Fruit Brandy Armagnac,fiscal_2024_25_q3,,56954.0
spirits,Grape and Fruit Brandy Armagnac,Grape and Fruit Brandy Armagnac,fiscal_2024_25_q4,,48284.0
spirits,Grape and Fruit Brandy Armagnac,Grape and Fruit Brandy Armagnac,fiscal_2025_26_q1,,36832.0
spirits,Grappa And Marc,Grappa And Marc,fiscal_2024_25_q1,,61560.0
spirits,Grappa And Marc,Grappa And Marc,fiscal_2024_25_q2,,53493.0
spirits,Grappa And Marc,Grappa And Marc,fiscal_2024_25_q3,,85520.0
spirits,Grappa And Marc,Grappa And Marc,fiscal_2024_25_q4,,63854.0
spirits,Grappa And Marc,Grappa And Marc,fiscal_2025_26_q1,,51570.0
spirits,Grappa And Marc 971 911,Grappa And Marc 971 911,fiscal_2024_25_q1,1152.0,
spirits,Grappa And Marc 971 911,Grappa And Marc 971 911,fiscal_2024_25_q2,1383.0,
spirits,Grappa And Marc 971 911,Grappa And Marc 971 911,fiscal_2024_25_q3,1077.0,
spirits,Grappa And Marc 971 911,Grappa And Marc 971 911,fiscal_2024_25_q4,,
spirits,Grappa And Marc 971 911,Grappa And Marc 971 911,fiscal_2025_26_q1,,
spirits,Irish Whiskey,Irish Whiskey,fiscal_2024_25_q1,115937.0,4674964.0
spirits,Irish Whiskey,Irish Whiskey,fiscal_2024_25_q2,133056.0,5268994.0
spirits,Irish Whiskey,Irish Whiskey,fiscal_2024_25_q3,183153.0,7430855.0
spirits,Irish Whiskey,Irish Whiskey,fiscal_2024_25_q4,138128.0,5477868.0
spirits,Irish Whiskey,Irish Whiskey,fiscal_2025_26_q1,130209.0,5314696.0
spirits,Korea Spirits,Korea Spirits,fiscal_2024_25_q1,66314.0,1249008.0
spirits,Korea Spirits,Korea Spirits,fiscal_2024_25_q2,76274.0,1420019.0
spirits,Korea Spirits,Korea Spirits,fiscal_2024_25_q3,75298.0,1417005.0
spirits,Korea Spirits,Korea Spirits,fiscal_2024_25_q4,67378.0,1270656.0
spirits,Korea Spirits,Korea Spirits,fiscal_2025_26_q1,68448.0,1290297.0
spirits,Liqueurs Anise And Herbal/Spice Liqueurs,Liqueurs Anise And Herbal/Spice Liqueurs,fiscal_2024_25_q1,305487.0,9250684.0
spirits,Liqueurs Anise And Herbal/Spice Liqueurs,Liqueurs Anise And Herbal/Spice Liqueurs,fiscal_2024_25_q2,301251.0,9300653.0
spirits,Liqueurs Anise And Herbal/Spice Liqueurs,Liqueurs Anise And Herbal/Spice Liqueurs,fiscal_2024_25_q3,341276.0,10393253.0
spirits,Liqueurs Anise And Herbal/Spice Liqueurs,Liqueurs Anise And Herbal/Spice Liqueurs,fiscal_2024_25_q4,259293.0,8131436.0
spirits,Liqueurs Anise And Herbal/Spice Liqueurs,Liqueurs Anise And Herbal/Spice Liqueurs,fiscal_2025_26_q1,315130.0,9626771.0
spirits,Mezcal,Mezcal,fiscal_2024_25_q1,16769.0,1130809.0
spirits,Mezcal,Mezcal,fiscal_2024_25_q2,17782.0,1182362.0
spirits,Mezcal,Mezcal,fiscal_2024_25_q3,14372.0,971853.0
spirits,Mezcal,Mezcal,fiscal_2024_25_q4,13742.0,943342.0
spirits,Mezcal,Mezcal,fiscal_2025_26_q1,16656.0,1114986.0
spirits,Miscellaneous/Other Spirits,Miscellaneous/Other Spirits,fiscal_2024_25_q1,3968.0,192584.0
spirits,Miscellaneous/Other Spirits,Miscellaneous/Other Spirits,fiscal_2024_25_q2,5383.0,255170.0
spirits,Miscellaneous/Other Spirits,Miscellaneous/Other Spirits,fiscal_2024_25_q3,4108.0,211254.0
spirits,Miscellaneous/Other Spirits,Miscellaneous/Other Spirits,fiscal_2024_25_q4,4582.0,233685.0
spirits,Miscellaneous/Other Spirits,Miscellaneous/Other Spirits,fiscal_2025_26_q1,4026.0,185698.0
spirits,Nut Liqueurs,Nut Liqueurs,fiscal_2024_25_q1,55137.0,1422362.0
spirits,Nut Liqueurs,Nut Liqueurs,fiscal_2024_25_q2,58760.0,1551869.0
spirits,Nut Liqueurs,Nut Liqueurs,fiscal_2024_25_q3,64218.0,1794484.0
spirits,Nut Liqueurs,Nut Liqueurs,fiscal_2024_25_q4,37942.0,1071658.0
spirits,Nut Liqueurs,Nut Liqueurs,fiscal_2025_26_q1,54833.0,1455880.0
spirits,Other Country Asian Spirits,Other Country Asian Spirits,fiscal_2024_25_q1,3506.0,150099.0
spirits,Other Country Asian Spirits,Other Country Asian Spirits,fiscal_2024_25_q2,3980.0,170605.0
spirits,Other Country Asian Spirits,Other Country Asian Spirits,fiscal_2024_25_q3,3924.0,168408.0
spirits,Other Country Asian Spirits,Other Country Asian Spirits,fiscal_2024_25_q4,3828.0,162967.0
spirits,Other Country Asian Spirits,Other Country Asian Spirits,fiscal_2025_26_q1,2602.0,111724.0
spirits,Other Country Whisky,Other Country Whisky,fiscal_2024_25_q1,19022.0,1395139.0
spirits,Other Country Whisky,Other Country Whisky,fiscal_2024_25_q2,13961.0,1132184.0
spirits,Other Country Whisky,Other Country Whisky,fiscal_2024_25_q3,28486.0,3016923.0
spirits,Other Country Whisky,Other Country Whisky,fiscal_2024_25_q4,15855.0,1335623.0
spirits,Other Country Whisky,Other Country Whisky,fiscal_2025_26_q1,16347.0,1350206.0
spirits,Other Gin,Other Gin,fiscal_2024_25_q1,19326.0,1004660.0
spirits,Other Gin,Other Gin,fiscal_2024_25_q2,15780.0,811398.0
spirits,Other Gin,Other Gin,fiscal_2024_25_q3,14649.0,741361.0
spirits,Other Gin,Other Gin,fiscal_2024_25_q4,10877.0,562253.0
spirits,Other Gin,Other Gin,fiscal_2025_26_q1,15918.0,805741.0
spirits,Other Liqueurs,Other Liqueurs,fiscal_2024_25_q1,34126.0,1117327.0
spirits,Other Liqueurs,Other Liqueurs,fiscal_2024_25_q2,41346.0,1385733.0
spirits,Other Liqueurs,Other Liqueurs,fiscal_2024_25_q3,45725.0,1485052.0
spirits,Other Liqueurs,Other Liqueurs,fiscal_2024_25_q4,27671.0,927469.0
spirits,Other Liqueurs,Other Liqueurs,fiscal_2025_26_q1,34229.0,1167344.0
spirits,Other Spirits Cachaca,Other Spirits Cachaca,fiscal_2024_25_q1,,38574.0
spirits,Other Spirits Cachaca,Other Spirits Cachaca,fiscal_2024_25_q2,,48140.0
spirits,Other Spirits Cachaca,Other Spirits Cachaca,fiscal_2024_25_q3,,32788.0
spirits,Other Spirits Cachaca,Other Spirits Cachaca,fiscal_2024_25_q4,,42205.0
spirits,Other Spirits Cachaca,Other Spirits Cachaca,fiscal_2025_26_q1,,50903.0
spirits,Other Spirits Cachaca 927,Other Spirits Cachaca 927,fiscal_2024_25_q1,1124.0,
spirits,Other Spirits Cachaca 927,Other Spirits Cachaca 927,fiscal_2024_25_q2,1442.0,
spirits,Other Spirits Cachaca 927,Other Spirits Cachaca 927,fiscal_2024_25_q3,1267.0,
spirits,Other Spirits Cachaca 927,Other Spirits Cachaca 927,fiscal_2024_25_q4,1518.0,
spirits,Other Spirits Cachaca 927,Other Spirits Cachaca 927,fiscal_2025_26_q1,,
spirits,Other Spirits Moonshine Spirits,Other Spirits Moonshine Spirits,fiscal_2024_25_q1,11808.0,545487.0
spirits,Other Spirits Moonshine Spirits,Other Spirits Moonshine Spirits,fiscal_2024_25_q2,14737.0,656801.0
spirits,Other Spirits Moonshine Spirits,Other Spirits Moonshine Spirits,fiscal_2024_25_q3,13042.0,626064.0
spirits,Other Spirits Moonshine Spirits,Other Spirits Moonshine Spirits,fiscal_2024_25_q4,8974.0,413007.0
spirits,Other Spirits Moonshine Spirits,Other Spirits Moonshine Spirits,fiscal_2025_26_q1,3662.0,171260.0
spirits,Pisco,Pisco,fiscal_2024_25_q1,3311.0,137896.0
spirits,Pisco,Pisco,fiscal_2024_25_q2,3042.0,132506.0
spirits,Pisco,Pisco,fiscal_2024_25_q3,3319.0,135319.0
spirits,Pisco,Pisco,fiscal_2024_25_q4,3297.0,145198.0
spirits,Pisco,Pisco,fiscal_2025_26_q1,2968.0,131034.0
spirits,Ready to Mix Cocktails,Ready to Mix Cocktails,fiscal_2024_25_q1,27133.0,540775.0
spirits,Ready to Mix Cocktails,Ready to Mix Cocktails,fiscal_2024_25_q2,28841.0,565754.0
spirits,Ready to Mix Cocktails,Ready to Mix Cocktails,fiscal_2024_25_q3,25584.0,517400.0
spirits,Ready to Mix Cocktails,Ready to Mix Cocktails,fiscal_2024_25_q4,23656.0,473349.0
spirits,Ready to Mix Cocktails,Ready to Mix Cocktails,fiscal_2025_26_q1,28623.0,573108.0
spirits,Ready to Serve Cocktails,Ready to Serve Cocktails,fiscal_2024_25_q1,95942.0,1937009.0
spirits,Ready to Serve Cocktails,Ready to Serve Cocktails,fiscal_2024_25_q2,96719.0,1978686.0
spirits,Ready to Serve Cocktails,Ready to Serve Cocktails,fiscal_2024_25_q3,48679.0,1370774.0
spirits,Ready to Serve Cocktails,Ready to Serve Cocktails,fiscal_2024_25_q4,44142.0,1182130.0
spirits,Ready to Serve Cocktails,Ready to Serve Cocktails,fiscal_2025_26_q1,58371.0,1490801.0
spirits,Rum Amber Rum,Rum Amber Rum,fiscal_2024_25_q1,176631.0,5548581.0
spirits,Rum Amber Rum,Rum Amber Rum,fiscal_2024_25_q2,180964.0,5744085.0
spirits,Rum Amber Rum,Rum Amber Rum,fiscal_2024_25_q3,245381.0,7835310.0
spirits,Rum Amber Rum,Rum Amber Rum,fiscal_2024_25_q4,151381.0,4879050.0
spirits,Rum Amber Rum,Rum Amber Rum,fiscal_2025_26_q1,146935.0,4798244.0
spirits,Schnapps and Akvavit,Schnapps and Akvavit,fiscal_2024_25_q1,,36309.0
spirits,Schnapps and Akvavit,Schnapps and Akvavit,fiscal_2024_25_q2,,36179.0
spirits,Schnapps and Akvavit,Schnapps and Akvavit,fiscal_2024_25_q3,,77952.0
spirits,Schnapps and Akvavit,Schnapps and Akvavit,fiscal_2024_25_q4,,45896.0
spirits,Schnapps and Akvavit,Schnapps and Akvavit,fiscal_2025_26_q1,,43653.0
spirits,Schnapps and Akvavit 874 879 917 999,Schnapps and Akvavit 874 879 917 999,fiscal_2024_25_q1,1571.0,
spirits,Schnapps and Akvavit 874 879 917 999,Schnapps and Akvavit 874 879 917 999,fiscal_2024_25_q2,,
spirits,Schnapps and Akvavit 874 879 917 999,Schnapps and Akvavit 874 879 917 999,fiscal_2024_25_q3,,
spirits,Schnapps and Akvavit 874 879 917 999,Schnapps and Akvavit 874 879 917 999,fiscal_2024_25_q4,,
spirits,Schnapps and Akvavit 874 879 917 999,Schnapps and Akvavit 874 879 917 999,fiscal_2025_26_q1,,
spirits,Spiced Rum,Spiced Rum,fiscal_2024_25_q1,219930.0,6637788.0
spirits,Spiced Rum,Spiced Rum,fiscal_2024_25_q2,221764.0,6647524.0
spirits,Spiced Rum,Spiced Rum,fiscal_2024_25_q3,374126.0,10933386.0
spirits,Spiced Rum,Spiced Rum,fiscal_2024_25_q4,200015.0,6080225.0
spirits,Spiced Rum,Spiced Rum,fiscal_2025_26_q1,177232.0,5292421.0
spirits,Straight Vodka,Straight Vodka,fiscal_2024_25_q1,2068263.0,55321392.0
spirits,Straight Vodka,Straight Vodka,fiscal_2024_25_q2,2121721.0,56909045.0
spirits,Straight Vodka,Straight Vodka,fiscal_2024_25_q3,2242889.0,59979356.0
spirits,Straight Vodka,Straight Vodka,fiscal_2024_25_q4,1851897.0,48944870.0
spirits,Straight Vodka,Straight Vodka,fiscal_2025_26_q1,2027651.0,53793591.0
spirits,Tequila Blanco/Silver Tequila,Tequila Blanco/Silver Tequila,fiscal_2024_25_q1,210349.0,10322490.0
spirits,Tequila Blanco/Silver Tequila,Tequila Blanco/Silver Tequila,fiscal_2024_25_q2,244509.0,12061795.0
spirits,Tequila Blanco/Silver Tequila,Tequila Blanco/Silver Tequila,fiscal_2024_25_q3,176971.0,9103748.0
spirits,Tequila Blanco/Silver Tequila,Tequila Blanco/Silver Tequila,fiscal_2024_25_q4,161258.0,7966119.0
spirits,Tequila Blanco/Silver Tequila,Tequila Blanco/Silver Tequila,fiscal_2025_26_q1,217895.0,10602184.0
spirits,Vodka Flavoured Vodka,Vodka Flavoured Vodka,fiscal_2024_25_q1,145942.0,4612632.0
spirits,Vodka Flavoured Vodka,Vodka Flavoured Vodka,fiscal_2024_25_q2,146091.0,4589808.0
spirits,Vodka Flavoured Vodka,Vodka Flavoured Vodka,fiscal_2024_25_q3,133761.0,4224170.0
spirits,Vodka Flavoured Vodka,Vodka Flavoured Vodka,fiscal_2024_25_q4,116415.0,3689708.0
spirits,Vodka Flavoured Vodka,Vodka Flavoured Vodka,fiscal_2025_26_q1,119276.0,3719883.0
spirits,Whiskey Liqueurs,Whiskey Liqueurs,fiscal_2024_25_q1,41857.0,1299387.0
spirits,Whiskey Liqueurs,Whiskey Liqueurs,fiscal_2024_25_q2,43687.0,1320122.0
spirits,Whiskey Liqueurs,Whiskey Liqueurs,fiscal_2024_25_q3,68094.0,2133466.0
spirits,Whiskey Liqueurs,Whiskey Liqueurs,fiscal_2024_25_q4,50390.0,1515319.0
spirits,Whiskey Liqueurs,Whiskey Liqueurs,fiscal_2025_26_q1,39738.0,1146481.0
spirits,Whisky American Whiskey,Whisky American Whiskey,fiscal_2024_25_q1,73116.0,2920597.0
spirits,Whisky American Whiskey,Whisky American Whiskey,fiscal_2024_25_q2,69545.0,2752420.0
spirits,Whisky American Whiskey,Whisky American Whiskey,fiscal_2024_25_q3,89930.0,3861557.0
spirits,Whisky American Whiskey,Whisky American Whiskey,fiscal_2024_25_q4,62318.0,2525901.0
spirits,Whisky American Whiskey,Whisky American Whiskey,fiscal_2025_26_q1,12225.0,321000.0
spirits,Whisky Single Malt Scotch Whisky,Whisky Single Malt Scotch Whisky,fiscal_2024_25_q1,107401.0,10098977.0
spirits,Whisky Single Malt Scotch Whisky,Whisky Single Malt Scotch Whisky,fiscal_2024_25_q2,90776.0,8066775.0
spirits,Whisky Single Malt Scotch Whisky,Whisky Single Malt Scotch Whisky,fiscal_2024_25_q3,164738.0,16274171.0
spirits,Whisky Single Malt Scotch Whisky,Whisky Single Malt Scotch Whisky,fiscal_2024_25_q4,90933.0,8581950.0
spirits,Whisky Single Malt Scotch Whisky,Whisky Single Malt Scotch Whisky,fiscal_2025_26_q1,99358.0,8920136.0
spirits,White Rum,White Rum,fiscal_2024_25_q1,278414.0,6860016.0
spirits,White Rum,White Rum,fiscal_2024_25_q2,284439.0,7093339.0
spirits,White Rum,White Rum,fiscal_2024_25_q3,289248.0,7154280.0
spirits,White Rum,White Rum,fiscal_2024_25_q4,217469.0,5507126.0
spirits,White Rum,White Rum,fiscal_2025_26_q1,244280.0,6162394.0
wine,Argentina Rose Wine,Argentina Rose Wine,fiscal_2024_25_q1,7708.0,104550.0
wine,Argentina Rose Wine,Argentina Rose Wine,fiscal_2024_25_q2,7132.0,105396.0
wine,Argentina Rose Wine,Argentina Rose Wine,fiscal_2024_25_q3,2696.0,39821.0
wine,Argentina Rose Wine,Argentina Rose Wine,fiscal_2024_25_q4,2785.0,38926.0
wine,Argentina Rose Wine,Argentina Rose Wine,fiscal_2025_26_q1,7822.0,111321.0
wine,Argentina Sparkling Wine,Argentina Sparkling Wine,fiscal_2024_25_q1,,6592.0
wine,Argentina Sparkling Wine,Argentina Sparkling Wine,fiscal_2024_25_q2,,10974.0
wine,Argentina Sparkling Wine,Argentina Sparkling Wine,fiscal_2024_25_q3,,10256.0
wine,Argentina Sparkling Wine,Argentina Sparkling Wine,fiscal_2024_25_q4,,8773.0
wine,Argentina Sparkling Wine,Argentina Sparkling Wine,fiscal_2025_26_q1,,10450.0
wine,Argentina White Wine,Argentina White Wine,fiscal_2024_25_q1,20282.0,292790.0
wine,Argentina White Wine,Argentina White Wine,fiscal_2024_25_q2,22994.0,324104.0
wine,Argentina White Wine,Argentina White Wine,fiscal_2024_25_q3,27674.0,379780.0
wine,Argentina White Wine,Argentina White Wine,fiscal_2024_25_q4,41647.0,544710.0
wine,Argentina White Wine,Argentina White Wine,fiscal_2025_26_q1,52248.0,707953.0
wine,Argentina Wine Argentina Red Wine,Argentina Wine Argentina Red Wine,fiscal_2024_25_q1,357730.0,5672540.0
wine,Argentina Wine Argentina Red Wine,Argentina Wine Argentina Red Wine,fiscal_2024_25_q2,344182.0,5479716.0
wine,Argentina Wine Argentina Red Wine,Argentina Wine Argentina Red Wine,fiscal_2024_25_q3,527610.0,8221868.0
wine,Argentina Wine Argentina Red Wine,Argentina Wine Argentina Red Wine,fiscal_2024_25_q4,437776.0,6643271.0
wine,Argentina Wine Argentina Red Wine,Argentina Wine Argentina Red Wine,fiscal_2025_26_q1,461147.0,7105215.0
wine,Australia Red Wine,Australia Red Wine,fiscal_2024_25_q1,437320.0,6108347.0
wine,Australia Red Wine,Australia Red Wine,fiscal_2024_25_q2,369534.0,5393024.0
wine,Australia Red Wine,Australia Red Wine,fiscal_2024_25_q3,526530.0,7400320.0
wine,Australia Red Wine,Australia Red Wine,fiscal_2024_25_q4,496722.0,6996647.0
wine,Australia Red Wine,Australia Red Wine,fiscal_2025_26_q1,476629.0,6961885.0
wine,Australia Rose Wine,Australia Rose Wine,fiscal_2024_25_q1,22090.0,290981.0
wine,Australia Rose Wine,Australia Rose Wine,fiscal_2024_25_q2,17984.0,230973.0
wine,Australia Rose Wine,Australia Rose Wine,fiscal_2024_25_q3,25699.0,305850.0
wine,Australia Rose Wine,Australia Rose Wine,fiscal_2024_25_q4,15513.0,219415.0
wine,Australia Rose Wine,Australia Rose Wine,fiscal_2025_26_q1,23674.0,311084.0
wine,Australia Sparkling Wine,Australia Sparkling Wine,fiscal_2024_25_q1,53546.0,792734.0
wine,Australia Sparkling Wine,Australia Sparkling Wine,fiscal_2024_25_q2,50144.0,770180.0
wine,Australia Sparkling Wine,Australia Sparkling Wine,fiscal_2024_25_q3,78608.0,1147352.0
wine,Australia Sparkling Wine,Australia Sparkling Wine,fiscal_2024_25_q4,38980.0,598083.0
wine,Australia Sparkling Wine,Australia Sparkling Wine,fiscal_2025_26_q1,53501.0,805384.0
wine,Australia White Wine,Australia White Wine,fiscal_2024_25_q1,330222.0,3918695.0
wine,Australia White Wine,Australia White Wine,fiscal_2024_25_q2,300980.0,3715642.0
wine,Australia White Wine,Australia White Wine,fiscal_2024_25_q3,359449.0,4238263.0
wine,Australia White Wine,Australia White Wine,fiscal_2024_25_q4,285037.0,3473585.0
wine,Australia White Wine,Australia White Wine,fiscal_2025_26_q1,397359.0,4734229.0
wine,Australia Wine Australia Fruit and Dessert Wine,Australia Wine Australia Fruit and Dessert Wine,fiscal_2024_25_q1,,520.0
wine,Australia Wine Australia Fruit and Dessert Wine,Australia Wine Australia Fruit and Dessert Wine,fiscal_2024_25_q2,,192.0
wine,Australia Wine Australia Fruit and Dessert Wine,Australia Wine Australia Fruit and Dessert Wine,fiscal_2024_25_q3,,429.0
wine,Australia Wine Australia Fruit and Dessert Wine,Australia Wine Australia Fruit and Dessert Wine,fiscal_2024_25_q4,,5871.0
wine,Australia Wine Australia Fruit and Dessert Wine,Australia Wine Australia Fruit and Dessert Wine,fiscal_2025_26_q1,,1010.0
wine,Austria Red Wine,Austria Red Wine,fiscal_2024_25_q1,,34782.0
wine,Austria Red Wine,Austria Red Wine,fiscal_2024_25_q2,,35434.0
wine,Austria Red Wine,Austria Red Wine,fiscal_2024_25_q3,,36550.0
wine,Austria Red Wine,Austria Red Wine,fiscal_2024_25_q4,,34396.0
wine,Austria Red Wine,Austria Red Wine,fiscal_2025_26_q1,,30714.0
wine,Austria Red Wine 878,Austria Red Wine 878,fiscal_2024_25_q1,1030.0,
wine,Austria Red Wine 878,Austria Red Wine 878,fiscal_2024_25_q2,1060.0,
wine,Austria Red Wine 878,Austria Red Wine 878,fiscal_2024_25_q3,1083.0,
wine,Austria Red Wine 878,Austria Red Wine 878,fiscal_2024_25_q4,1084.0,
wine,Austria Red Wine 878,Austria Red Wine 878,fiscal_2025_26_q1,,
wine,Austria Rose Wine,Austria Rose Wine,fiscal_2024_25_q1,,5309.0
wine,Austria Rose Wine,Austria Rose Wine,fiscal_2024_25_q2,,9542.0
wine,Austria Rose Wine,Austria Rose Wine,fiscal_2024_25_q3,,6765.0
wine,Austria Rose Wine,Austria Rose Wine,fiscal_2024_25_q4,,13457.0
wine,Austria Rose Wine,Austria Rose Wine,fiscal_2025_26_q1,,12263.0
wine,Austria Sparkling Wine,Austria Sparkling Wine,fiscal_2024_25_q1,,3324.0
wine,Austria Sparkling Wine,Austria Sparkling Wine,fiscal_2024_25_q2,,5270.0
wine,Austria Sparkling Wine,Austria Sparkling Wine,fiscal_2024_25_q3,,5975.0
wine,Austria Sparkling Wine,Austria Sparkling Wine,fiscal_2024_25_q4,,287.0
wine,Austria Sparkling Wine,Austria Sparkling Wine,fiscal_2025_26_q1,,2920.0
wine,Austria White Wine,Austria White Wine,fiscal_2024_25_q1,2927.0,88325.0
wine,Austria White Wine,Austria White Wine,fiscal_2024_25_q2,3532.0,116264.0
wine,Austria White Wine,Austria White Wine,fiscal_2024_25_q3,3410.0,108595.0
wine,Austria White Wine,Austria White Wine,fiscal_2024_25_q4,3097.0,107802.0
wine,Austria White Wine,Austria White Wine,fiscal_2025_26_q1,4022.0,132301.0
wine,Austria Wine Austria Fruit and Dessert Wine,Austria Wine Austria Fruit and Dessert Wine,fiscal_2024_25_q1,,4474.0
wine,Austria Wine Austria Fruit and Dessert Wine,Austria Wine Austria Fruit and Dessert Wine,fiscal_2024_25_q2,,2779.0
wine,Austria Wine Austria Fruit and Dessert Wine,Austria Wine Austria Fruit and Dessert Wine,fiscal_2024_25_q3,,6297.0
wine,Austria Wine Austria Fruit and Dessert Wine,Austria Wine Austria Fruit and Dessert Wine,fiscal_2024_25_q4,,4176.0
wine,Austria Wine Austria Fruit and Dessert Wine,Austria Wine Austria Fruit and Dessert Wine,fiscal_2025_26_q1,,2438.0
wine,Bulgaria Rose Wine,Bulgaria Rose Wine,fiscal_2024_25_q1,,0.0
wine,Bulgaria Rose Wine,Bulgaria Rose Wine,fiscal_2024_25_q2,,0.0
wine,Bulgaria Rose Wine,Bulgaria Rose Wine,fiscal_2024_25_q3,,0.0
wine,Bulgaria Rose Wine,Bulgaria Rose Wine,fiscal_2024_25_q4,,0.0
wine,Bulgaria Rose Wine,Bulgaria Rose Wine,fiscal_2025_26_q1,,0.0
wine,Bulgaria White Wine,Bulgaria White Wine,fiscal_2024_25_q1,,0.0
wine,Bulgaria White Wine,Bulgaria White Wine,fiscal_2024_25_q2,,0.0
wine,Bulgaria White Wine,Bulgaria White Wine,fiscal_2024_25_q3,,0.0
wine,Bulgaria White Wine,Bulgaria White Wine,fiscal_2024_25_q4,,0.0
wine,Bulgaria White Wine,Bulgaria White Wine,fiscal_2025_26_q1,,0.0
wine,Bulgaria Wine Bulgaria Red Wine,Bulgaria Wine Bulgaria Red Wine,fiscal_2024_25_q1,,0.0
wine,Bulgaria Wine Bulgaria Red Wine,Bulgaria Wine Bulgaria Red Wine,fiscal_2024_25_q2,,0.0
wine,Bulgaria Wine Bulgaria Red Wine,Bulgaria Wine Bulgaria Red Wine,fiscal_2024_25_q3,,0.0
wine,Bulgaria Wine Bulgaria Red Wine,Bulgaria Wine Bulgaria Red Wine,fiscal_2024_25_q4,,0.0
wine,Bulgaria Wine Bulgaria Red Wine,Bulgaria Wine Bulgaria Red Wine,fiscal_2025_26_q1,,0.0
wine,Canada,BC Canada - BC Dessert Wine,fiscal_2024_25_q1,2637.0,129770.0
wine,Canada,BC Canada - BC Dessert Wine,fiscal_2024_25_q2,6355.0,322881.0
wine,Canada,BC Canada - BC Dessert Wine,fiscal_2024_25_q3,4246.0,210497.0
wine,Canada,BC Canada - BC Dessert Wine,fiscal_2024_25_q4,4190.0,197815.0
wine,Canada,BC Canada - BC Dessert Wine,fiscal_2025_26_q1,3719.0,204277.0
wine,Canada,BC Canada - BC Sparkling Wine,fiscal_2024_25_q1,166321.0,5272748.0
wine,Canada,BC Canada - BC Sparkling Wine,fiscal_2024_25_q2,218632.0,6787098.0
wine,Canada,BC Canada - BC Sparkling Wine,fiscal_2024_25_q3,185179.0,6758477.0
wine,Canada,BC Canada - BC Sparkling Wine,fiscal_2024_25_q4,113072.0,3900139.0
wine,Canada,BC Canada - BC Sparkling Wine,fiscal_2025_26_q1,180008.0,6845951.0
wine,Canada,BC Fruit Wine,fiscal_2024_25_q1,45177.0,898582.0
wine,Canada,BC Fruit Wine,fiscal_2024_25_q2,67760.0,1404221.0
wine,Canada,BC Fruit Wine,fiscal_2024_25_q3,65078.0,1301850.0
wine,Canada,BC Fruit Wine,fiscal_2024_25_q4,35416.0,719025.0
wine,Canada,BC Fruit Wine,fiscal_2025_26_q1,47949.0,949541.0
wine,Canada,BC Ice Wine,fiscal_2024_25_q1,7048.0,742252.0
wine,Canada,BC Ice Wine,fiscal_2024_25_q2,10389.0,1118339.0
wine,Canada,BC Ice Wine,fiscal_2024_25_q3,8361.0,887417.0
wine,Canada,BC Ice Wine,fiscal_2024_25_q4,6973.0,794502.0
wine,Canada,BC Ice Wine,fiscal_2025_26_q1,6664.0,841686.0
wine,Canada,BC Red Wine,fiscal_2024_25_q1,3423617.0,51264602.0
wine,Canada,BC Red Wine,fiscal_2024_25_q2,3551826.0,61088846.0
wine,Canada,BC Red Wine,fiscal_2024_25_q3,4193332.0,65877490.0
wine,Canada,BC Red Wine,fiscal_2024_25_q4,3261671.0,49702837.0
wine,Canada,BC Red Wine,fiscal_2025_26_q1,3479367.0,55307693.0
wine,Canada,BC Rose Wine,fiscal_2024_25_q1,609403.0,10827253.0
wine,Canada,BC Rose Wine,fiscal_2024_25_q2,691317.0,13019887.0
wine,Canada,BC Rose Wine,fiscal_2024_25_q3,410109.0,6829947.0
wine,Canada,BC Rose Wine,fiscal_2024_25_q4,355386.0,5883440.0
wine,Canada,BC Rose Wine,fiscal_2025_26_q1,632461.0,11169355.0
wine,Canada,BC White Wine,fiscal_2024_25_q1,4264612.0,54333465.0
wine,Canada,BC White Wine,fiscal_2024_25_q2,4608137.0,62879556.0
wine,Canada,BC White Wine,fiscal_2024_25_q3,4156606.0,51732137.0
wine,Canada,BC White Wine,fiscal_2024_25_q4,3424638.0,42310784.0
wine,Canada,BC White Wine,fiscal_2025_26_q1,4331145.0,55909067.0
wine,Canada,Other Canada - Other Dessert Wine,fiscal_2024_25_q1,,4503.0
wine,Canada,Other Canada - Other Dessert Wine,fiscal_2024_25_q2,,6752.0
wine,Canada,Other Canada - Other Dessert Wine,fiscal_2024_25_q3,,11992.0
wine,Canada,Other Canada - Other Dessert Wine,fiscal_2024_25_q4,,4162.0
wine,Canada,Other Canada - Other Dessert Wine,fiscal_2025_26_q1,,4036.0
wine,Canada,Other Fruit Wine,fiscal_2024_25_q1,,2498.0
wine,Canada,Other Fruit Wine,fiscal_2024_25_q2,,4724.0
wine,Canada,Other Fruit Wine,fiscal_2024_25_q3,,1807.0
wine,Canada,Other Fruit Wine,fiscal_2024_25_q4,,1093.0
wine,Canada,Other Fruit Wine,fiscal_2025_26_q1,,1634.0
wine,Canada,Other Ice Wine,fiscal_2024_25_q1,6530.0,599585.0
wine,Canada,Other Ice Wine,fiscal_2024_25_q2,6844.0,573495.0
wine,Canada,Other Ice Wine,fiscal_2024_25_q3,9019.0,791542.0
wine,Canada,Other Ice Wine,fiscal_2024_25_q4,10030.0,901687.0
wine,Canada,Other Ice Wine,fiscal_2025_26_q1,5801.0,508044.0
wine,Canada,Other Red Wine,fiscal_2024_25_q1,17786.0,253242.0
wine,Canada,Other Red Wine,fiscal_2024_25_q2,22579.0,318354.0
wine,Canada,Other Red Wine,fiscal_2024_25_q3,32789.0,351238.0
wine,Canada,Other Red Wine,fiscal_2024_25_q4,26613.0,311134.0
wine,Canada,Other Red Wine,fiscal_2025_26_q1,28870.0,306456.0
wine,Canada,Other Rose Wine,fiscal_2024_25_q1,10474.0,100155.0
wine,Canada,Other Rose Wine,fiscal_2024_25_q2,8405.0,83292.0
wine,Canada,Other Rose Wine,fiscal_2024_25_q3,5552.0,54404.0
wine,Canada,Other Rose Wine,fiscal_2024_25_q4,4482.0,42591.0
wine,Canada,Other Rose Wine,fiscal_2025_26_q1,10668.0,104643.0
wine,Canada,Other Sparkling Wine,fiscal_2024_25_q1,59221.0,541032.0
wine,Canada,Other Sparkling Wine,fiscal_2024_25_q2,59072.0,535291.0
wine,Canada,Other Sparkling Wine,fiscal_2024_25_q3,93136.0,826732.0
wine,Canada,Other Sparkling Wine,fiscal_2024_25_q4,47171.0,436740.0
wine,Canada,Other Sparkling Wine,fiscal_2025_26_q1,65560.0,683107.0
wine,Canada,Other White Wine,fiscal_2024_25_q1,61861.0,594583.0
wine,Canada,Other White Wine,fiscal_2024_25_q2,47597.0,485133.0
wine,Canada,Other White Wine,fiscal_2024_25_q3,49591.0,479944.0
wine,Canada,Other White Wine,fiscal_2024_25_q4,41027.0,401842.0
wine,Canada,Other White Wine,fiscal_2025_26_q1,54724.0,524468.0
wine,Chile Red Wine,Chile Red Wine,fiscal_2024_25_q1,509439.0,5761819.0
wine,Chile Red Wine,Chile Red Wine,fiscal_2024_25_q2,575303.0,6136002.0
wine,Chile Red Wine,Chile Red Wine,fiscal_2024_25_q3,720082.0,7888562.0
wine,Chile Red Wine,Chile Red Wine,fiscal_2024_25_q4,611208.0,6825361.0
wine,Chile Red Wine,Chile Red Wine,fiscal_2025_26_q1,610363.0,6811691.0
wine,Chile Rose Wine,Chile Rose Wine,fiscal_2024_25_q1,77232.0,742419.0
wine,Chile Rose Wine,Chile Rose Wine,fiscal_2024_25_q2,69405.0,697032.0
wine,Chile Rose Wine,Chile Rose Wine,fiscal_2024_25_q3,26151.0,263047.0
wine,Chile Rose Wine,Chile Rose Wine,fiscal_2024_25_q4,26576.0,277056.0
wine,Chile Rose Wine,Chile Rose Wine,fiscal_2025_26_q1,56358.0,586642.0
wine,Chile Sparkling Wine,Chile Sparkling Wine,fiscal_2024_25_q1,2106.0,40166.0
wine,Chile Sparkling Wine,Chile Sparkling Wine,fiscal_2024_25_q2,2365.0,43468.0
wine,Chile Sparkling Wine,Chile Sparkling Wine,fiscal_2024_25_q3,3299.0,58295.0
wine,Chile Sparkling Wine,Chile Sparkling Wine,fiscal_2024_25_q4,2190.0,44312.0
wine,Chile Sparkling Wine,Chile Sparkling Wine,fiscal_2025_26_q1,2175.0,44068.0
wine,Chile White Wine,Chile White Wine,fiscal_2024_25_q1,335922.0,3420081.0
wine,Chile White Wine,Chile White Wine,fiscal_2024_25_q2,371602.0,3845838.0
wine,Chile White Wine,Chile White Wine,fiscal_2024_25_q3,315295.0,3282790.0
wine,Chile White Wine,Chile White Wine,fiscal_2024_25_q4,306921.0,3183204.0
wine,Chile White Wine,Chile White Wine,fiscal_2025_26_q1,356461.0,3784795.0
wine,Chile Wine Chile Fruit and Dessert Wine,Chile Wine Chile Fruit and Dessert Wine,fiscal_2024_25_q1,,320.0
wine,Chile Wine Chile Fruit and Dessert Wine,Chile Wine Chile Fruit and Dessert Wine,fiscal_2024_25_q2,,640.0
wine,Chile Wine Chile Fruit and Dessert Wine,Chile Wine Chile Fruit and Dessert Wine,fiscal_2024_25_q3,,640.0
wine,Chile Wine Chile Fruit and Dessert Wine,Chile Wine Chile Fruit and Dessert Wine,fiscal_2024_25_q4,,480.0
wine,Chile Wine Chile Fruit and Dessert Wine,Chile Wine Chile Fruit and Dessert Wine,fiscal_2025_26_q1,,481.0
wine,China Red Wine,China Red Wine,fiscal_2024_25_q1,,125.0
wine,China Red Wine,China Red Wine,fiscal_2024_25_q2,,251.0
wine,China Red Wine,China Red Wine,fiscal_2024_25_q3,,793.0
wine,China Red Wine,China Red Wine,fiscal_2024_25_q4,,3829.0
wine,China Red Wine,China Red Wine,fiscal_2025_26_q1,,125.0
wine,China White Wine,China White Wine,fiscal_2024_25_q1,,125.0
wine,China White Wine,China White Wine,fiscal_2024_25_q2,,125.0
wine,China White Wine,China White Wine,fiscal_2024_25_q3,,251.0
wine,China White Wine,China White Wine,fiscal_2024_25_q4,,0.0
wine,China White Wine,China White Wine,fiscal_2025_26_q1,,13317.0
wine,China Wine China Fruit and Dessert Wine,China Wine China Fruit and Dessert Wine,fiscal_2024_25_q1,,12225.0
wine,China Wine China Fruit and Dessert Wine,China Wine China Fruit and Dessert Wine,fiscal_2024_25_q2,,7279.0
wine,China Wine China Fruit and Dessert Wine,China Wine China Fruit and Dessert Wine,fiscal_2024_25_q3,,10928.0
wine,China Wine China Fruit and Dessert Wine,China Wine China Fruit and Dessert Wine,fiscal_2024_25_q4,,15095.0
wine,China Wine China Fruit and Dessert Wine,China Wine China Fruit and Dessert Wine,fiscal_2025_26_q1,,3945.0
wine,Fortified Wine Other Fortified Domestic Wine,Fortified Wine Other Fortified Domestic Wine,fiscal_2024_25_q1,46328.0,621728.0
wine,Fortified Wine Other Fortified Domestic Wine,Fortified Wine Other Fortified Domestic Wine,fiscal_2024_25_q2,47256.0,831142.0
wine,Fortified Wine Other Fortified Domestic Wine,Fortified Wine Other Fortified Domestic Wine,fiscal_2024_25_q3,53022.0,808514.0
wine,Fortified Wine Other Fortified Domestic Wine,Fortified Wine Other Fortified Domestic Wine,fiscal_2024_25_q4,44973.0,627272.0
wine,Fortified Wine Other Fortified Domestic Wine,Fortified Wine Other Fortified Domestic Wine,fiscal_2025_26_q1,41468.0,630247.0
wine,France Fruit and Dessert Wine,France Fruit and Dessert Wine,fiscal_2024_25_q1,,9128.0
wine,France Fruit and Dessert Wine,France Fruit and Dessert Wine,fiscal_2024_25_q2,,51886.0
wine,France Fruit and Dessert Wine,France Fruit and Dessert Wine,fiscal_2024_25_q3,,17601.0
wine,France Fruit and Dessert Wine,France Fruit and Dessert Wine,fiscal_2024_25_q4,,26062.0
wine,France Fruit and Dessert Wine,France Fruit and Dessert Wine,fiscal_2025_26_q1,,14904.0
wine,France Red Wine,France Red Wine,fiscal_2024_25_q1,283586.0,6108637.0
wine,France Red Wine,France Red Wine,fiscal_2024_25_q2,302990.0,10871149.0
wine,France Red Wine,France Red Wine,fiscal_2024_25_q3,380291.0,9243467.0
wine,France Red Wine,France Red Wine,fiscal_2024_25_q4,299734.0,7269303.0
wine,France Red Wine,France Red Wine,fiscal_2025_26_q1,321136.0,7375557.0
wine,France Rose Wine,France Rose Wine,fiscal_2024_25_q1,232511.0,4281462.0
wine,France Rose Wine,France Rose Wine,fiscal_2024_25_q2,242124.0,4493437.0
wine,France Rose Wine,France Rose Wine,fiscal_2024_25_q3,114332.0,2066788.0
wine,France Rose Wine,France Rose Wine,fiscal_2024_25_q4,106465.0,1842927.0
wine,France Rose Wine,France Rose Wine,fiscal_2025_26_q1,229633.0,4161833.0
wine,France Sparkling Wine,France Sparkling Wine,fiscal_2024_25_q1,41291.0,822712.0
wine,France Sparkling Wine,France Sparkling Wine,fiscal_2024_25_q2,49706.0,940650.0
wine,France Sparkling Wine,France Sparkling Wine,fiscal_2024_25_q3,61548.0,1177008.0
wine,France Sparkling Wine,France Sparkling Wine,fiscal_2024_25_q4,37473.0,746617.0
wine,France Sparkling Wine,France Sparkling Wine,fiscal_2025_26_q1,48043.0,958205.0
wine,France White Wine,France White Wine,fiscal_2024_25_q1,186311.0,5115486.0
wine,France White Wine,France White Wine,fiscal_2024_25_q2,184905.0,5135959.0
wine,France White Wine,France White Wine,fiscal_2024_25_q3,193975.0,5342684.0
wine,France White Wine,France White Wine,fiscal_2024_25_q4,173364.0,4596256.0
wine,France White Wine,France White Wine,fiscal_2025_26_q1,207349.0,5889322.0
wine,France Wine France Champagne Wine,France Wine France Champagne Wine,fiscal_2024_25_q1,32946.0,3293085.0
wine,France Wine France Champagne Wine,France Wine France Champagne Wine,fiscal_2024_25_q2,42437.0,4275605.0
wine,France Wine France Champagne Wine,France Wine France Champagne Wine,fiscal_2024_25_q3,77213.0,7626297.0
wine,France Wine France Champagne Wine,France Wine France Champagne Wine,fiscal_2024_25_q4,29818.0,2990248.0
wine,France Wine France Champagne Wine,France Wine France Champagne Wine,fiscal_2025_26_q1,39119.0,3854924.0
wine,Georgia Rose Wine,Georgia Rose Wine,fiscal_2024_25_q1,,1586.0
wine,Georgia Rose Wine,Georgia Rose Wine,fiscal_2024_25_q2,,399.0
wine,Georgia Rose Wine,Georgia Rose Wine,fiscal_2024_25_q3,,3346.0
wine,Georgia Rose Wine,Georgia Rose Wine,fiscal_2024_25_q4,,389.0
wine,Georgia Rose Wine,Georgia Rose Wine,fiscal_2025_26_q1,,520.0
wine,Georgia Sparkling Wine,Georgia Sparkling Wine,fiscal_2024_25_q1,,3865.0
wine,Georgia Sparkling Wine,Georgia Sparkling Wine,fiscal_2024_25_q2,,1288.0
wine,Georgia Sparkling Wine,Georgia Sparkling Wine,fiscal_2024_25_q3,,1503.0
wine,Georgia Sparkling Wine,Georgia Sparkling Wine,fiscal_2024_25_q4,,429.0
wine,Georgia Sparkling Wine,Georgia Sparkling Wine,fiscal_2025_26_q1,,1332.0
wine,Georgia White Wine,Georgia White Wine,fiscal_2024_25_q1,,19242.0
wine,Georgia White Wine,Georgia White Wine,fiscal_2024_25_q2,,15880.0
wine,Georgia White Wine,Georgia White Wine,fiscal_2024_25_q3,,16017.0
wine,Georgia White Wine,Georgia White Wine,fiscal_2024_25_q4,,17950.0
wine,Georgia White Wine,Georgia White Wine,fiscal_2025_26_q1,,21465.0
wine,Georgia Wine Georgia Red Wine,Georgia Wine Georgia Red Wine,fiscal_2024_25_q1,3408.0,77163.0
wine,Georgia Wine Georgia Red Wine,Georgia Wine Georgia Red Wine,fiscal_2024_25_q2,2733.0,60762.0
wine,Georgia Wine Georgia Red Wine,Georgia Wine Georgia Red Wine,fiscal_2024_25_q3,5098.0,112556.0
wine,Georgia Wine Georgia Red Wine,Georgia Wine Georgia Red Wine,fiscal_2024_25_q4,3765.0,86462.0
wine,Georgia Wine Georgia Red Wine,Georgia Wine Georgia Red Wine,fiscal_2025_26_q1,3584.0,82533.0
wine,Germany Red Wine,Germany Red Wine,fiscal_2024_25_q1,1424.0,37182.0
wine,Germany Red Wine,Germany Red Wine,fiscal_2024_25_q2,1235.0,34209.0
wine,Germany Red Wine,Germany Red Wine,fiscal_2024_25_q3,1210.0,37563.0
wine,Germany Red Wine,Germany Red Wine,fiscal_2024_25_q4,1288.0,40225.0
wine,Germany Red Wine,Germany Red Wine,fiscal_2025_26_q1,1285.0,35941.0
wine,Germany Rose Wine,Germany Rose Wine,fiscal_2024_25_q1,,6625.0
wine,Germany Rose Wine,Germany Rose Wine,fiscal_2024_25_q2,,5821.0
wine,Germany Rose Wine,Germany Rose Wine,fiscal_2024_25_q3,,0.0
wine,Germany Rose Wine,Germany Rose Wine,fiscal_2024_25_q4,,324.0
wine,Germany Rose Wine,Germany Rose Wine,fiscal_2025_26_q1,,2258.0
wine,Germany Sparkling Wine,Germany Sparkling Wine,fiscal_2024_25_q1,43524.0,784746.0
wine,Germany Sparkling Wine,Germany Sparkling Wine,fiscal_2024_25_q2,27289.0,558139.0
wine,Germany Sparkling Wine,Germany Sparkling Wine,fiscal_2024_25_q3,60063.0,1132392.0
wine,Germany Sparkling Wine,Germany Sparkling Wine,fiscal_2024_25_q4,21543.0,437480.0
wine,Germany Sparkling Wine,Germany Sparkling Wine,fiscal_2025_26_q1,34091.0,623129.0
wine,Germany White Wine,Germany White Wine,fiscal_2024_25_q1,46968.0,803004.0
wine,Germany White Wine,Germany White Wine,fiscal_2024_25_q2,50100.0,858105.0
wine,Germany White Wine,Germany White Wine,fiscal_2024_25_q3,68186.0,1133017.0
wine,Germany White Wine,Germany White Wine,fiscal_2024_25_q4,45594.0,792004.0
wine,Germany White Wine,Germany White Wine,fiscal_2025_26_q1,48673.0,860868.0
wine,Germany Wine Germany Fruit and Dessert Wine,Germany Wine Germany Fruit and Dessert Wine,fiscal_2024_25_q1,,0.0
wine,Germany Wine Germany Fruit and Dessert Wine,Germany Wine Germany Fruit and Dessert Wine,fiscal_2024_25_q2,,1560.0
wine,Germany Wine Germany Fruit and Dessert Wine,Germany Wine Germany Fruit and Dessert Wine,fiscal_2024_25_q3,,0.0
wine,Germany Wine Germany Fruit and Dessert Wine,Germany Wine Germany Fruit and Dessert Wine,fiscal_2024_25_q4,,0.0
wine,Germany Wine Germany Fruit and Dessert Wine,Germany Wine Germany Fruit and Dessert Wine,fiscal_2025_26_q1,,0.0
wine,Greece Red Wine,Greece Red Wine,fiscal_2024_25_q1,5858.0,129090.0
wine,Greece Red Wine,Greece Red Wine,fiscal_2024_25_q2,3904.0,79848.0
wine,Greece Red Wine,Greece Red Wine,fiscal_2024_25_q3,6007.0,133077.0
wine,Greece Red Wine,Greece Red Wine,fiscal_2024_25_q4,5763.0,136359.0
wine,Greece Red Wine,Greece Red Wine,fiscal_2025_26_q1,6226.0,136640.0
wine,Greece Rose Wine,Greece Rose Wine,fiscal_2024_25_q1,,21174.0
wine,Greece Rose Wine,Greece Rose Wine,fiscal_2024_25_q2,,20167.0
wine,Greece Rose Wine,Greece Rose Wine,fiscal_2024_25_q3,,12714.0
wine,Greece Rose Wine,Greece Rose Wine,fiscal_2024_25_q4,,7701.0
wine,Greece Rose Wine,Greece Rose Wine,fiscal_2025_26_q1,,15927.0
wine,Greece Sparkling Wine,Greece Sparkling Wine,fiscal_2024_25_q1,,3644.0
wine,Greece Sparkling Wine,Greece Sparkling Wine,fiscal_2024_25_q2,,3838.0
wine,Greece Sparkling Wine,Greece Sparkling Wine,fiscal_2024_25_q3,,6997.0
wine,Greece Sparkling Wine,Greece Sparkling Wine,fiscal_2024_25_q4,,4938.0
wine,Greece Sparkling Wine,Greece Sparkling Wine,fiscal_2025_26_q1,,9340.0
wine,Greece White Wine,Greece White Wine,fiscal_2024_25_q1,6992.0,171754.0
wine,Greece White Wine,Greece White Wine,fiscal_2024_25_q2,5714.0,118999.0
wine,Greece White Wine,Greece White Wine,fiscal_2024_25_q3,4802.0,99102.0
wine,Greece White Wine,Greece White Wine,fiscal_2024_25_q4,6379.0,155553.0
wine,Greece White Wine,Greece White Wine,fiscal_2025_26_q1,7914.0,168928.0
wine,Greece Wine Greece Fruit and Dessert Wine,Greece Wine Greece Fruit and Dessert Wine,fiscal_2024_25_q1,,3658.0
wine,Greece Wine Greece Fruit and Dessert Wine,Greece Wine Greece Fruit and Dessert Wine,fiscal_2024_25_q2,,0.0
wine,Greece Wine Greece Fruit and Dessert Wine,Greece Wine Greece Fruit and Dessert Wine,fiscal_2024_25_q3,,0.0
wine,Greece Wine Greece Fruit and Dessert Wine,Greece Wine Greece Fruit and Dessert Wine,fiscal_2024_25_q4,,2194.0
wine,Greece Wine Greece Fruit and Dessert Wine,Greece Wine Greece Fruit and Dessert Wine,fiscal_2025_26_q1,,0.0
wine,Hungary Red Wine,Hungary Red Wine,fiscal_2024_25_q1,,14170.0
wine,Hungary Red Wine,Hungary Red Wine,fiscal_2024_25_q2,,16365.0
wine,Hungary Red Wine,Hungary Red Wine,fiscal_2024_25_q3,,19191.0
wine,Hungary Red Wine,Hungary Red Wine,fiscal_2024_25_q4,,20569.0
wine,Hungary Red Wine,Hungary Red Wine,fiscal_2025_26_q1,,18266.0
wine,Hungary Red Wine 909 958,Hungary Red Wine 909 958,fiscal_2024_25_q1,1215.0,
wine,Hungary Red Wine 909 958,Hungary Red Wine 909 958,fiscal_2024_25_q2,1300.0,
wine,Hungary Red Wine 909 958,Hungary Red Wine 909 958,fiscal_2024_25_q3,1134.0,
wine,Hungary Red Wine 909 958,Hungary Red Wine 909 958,fiscal_2024_25_q4,,
wine,Hungary Red Wine 909 958,Hungary Red Wine 909 958,fiscal_2025_26_q1,,
wine,Hungary Rose Wine,Hungary Rose Wine,fiscal_2024_25_q1,,300.0
wine,Hungary Rose Wine,Hungary Rose Wine,fiscal_2024_25_q2,,901.0
wine,Hungary Rose Wine,Hungary Rose Wine,fiscal_2024_25_q3,,78.0
wine,Hungary Rose Wine,Hungary Rose Wine,fiscal_2024_25_q4,,0.0
wine,Hungary Rose Wine,Hungary Rose Wine,fiscal_2025_26_q1,,0.0
wine,Hungary White Wine,Hungary White Wine,fiscal_2024_25_q1,3653.0,58399.0
wine,Hungary White Wine,Hungary White Wine,fiscal_2024_25_q2,4880.0,84220.0
wine,Hungary White Wine,Hungary White Wine,fiscal_2024_25_q3,5919.0,80828.0
wine,Hungary White Wine,Hungary White Wine,fiscal_2024_25_q4,5068.0,72381.0
wine,Hungary White Wine,Hungary White Wine,fiscal_2025_26_q1,5332.0,71377.0
wine,Hungary Wine Hungary Fruit and Dessert Wine,Hungary Wine Hungary Fruit and Dessert Wine,fiscal_2024_25_q1,,18354.0
wine,Hungary Wine Hungary Fruit and Dessert Wine,Hungary Wine Hungary Fruit and Dessert Wine,fiscal_2024_25_q2,,18675.0
wine,Hungary Wine Hungary Fruit and Dessert Wine,Hungary Wine Hungary Fruit and Dessert Wine,fiscal_2024_25_q3,,20985.0
wine,Hungary Wine Hungary Fruit and Dessert Wine,Hungary Wine Hungary Fruit and Dessert Wine,fiscal_2024_25_q4,,41750.0
wine,Hungary Wine Hungary Fruit and Dessert Wine,Hungary Wine Hungary Fruit and Dessert Wine,fiscal_2025_26_q1,,13525.0
wine,Hungary Wine Hungary Sparkling Wine,Hungary Wine Hungary Sparkling Wine,fiscal_2024_25_q1,5091.0,89877.0
wine,Hungary Wine Hungary Sparkling Wine,Hungary Wine Hungary Sparkling Wine,fiscal_2024_25_q2,5872.0,103994.0
wine,Hungary Wine Hungary Sparkling Wine,Hungary Wine Hungary Sparkling Wine,fiscal_2024_25_q3,5718.0,100965.0
wine,Hungary Wine Hungary Sparkling Wine,Hungary Wine Hungary Sparkling Wine,fiscal_2024_25_q4,3168.0,53834.0
wine,Hungary Wine Hungary Sparkling Wine,Hungary Wine Hungary Sparkling Wine,fiscal_2025_26_q1,4352.0,66504.0
wine,Israel Rose Wine,Israel Rose Wine,fiscal_2024_25_q1,,6318.0
wine,Israel Rose Wine,Israel Rose Wine,fiscal_2024_25_q2,,4379.0
wine,Israel Rose Wine,Israel Rose Wine,fiscal_2024_25_q3,,1521.0
wine,Israel Rose Wine,Israel Rose Wine,fiscal_2024_25_q4,,6761.0
wine,Israel Rose Wine,Israel Rose Wine,fiscal_2025_26_q1,,5412.0
wine,Israel White Wine,Israel White Wine,fiscal_2024_25_q1,,10757.0
wine,Israel White Wine,Israel White Wine,fiscal_2024_25_q2,,6102.0
wine,Israel White Wine,Israel White Wine,fiscal_2024_25_q3,,4829.0
wine,Israel White Wine,Israel White Wine,fiscal_2024_25_q4,,7748.0
wine,Israel White Wine,Israel White Wine,fiscal_2025_26_q1,,13367.0
wine,Israel Wine Israel Red Wine,Israel Wine Israel Red Wine,fiscal_2024_25_q1,,37032.0
wine,Israel Wine Israel Red Wine,Israel Wine Israel Red Wine,fiscal_2024_25_q2,,24376.0
wine,Israel Wine Israel Red Wine,Israel Wine Israel Red Wine,fiscal_2024_25_q3,,31926.0
wine,Israel Wine Israel Red Wine,Israel Wine Israel Red Wine,fiscal_2024_25_q4,,31051.0
wine,Israel Wine Israel Red Wine,Israel Wine Israel Red Wine,fiscal_2025_26_q1,,37197.0
wine,Israel Wine Israel Red Wine 864,Israel Wine Israel Red Wine 864,fiscal_2024_25_q1,1332.0,
wine,Israel Wine Israel Red Wine 864,Israel Wine Israel Red Wine 864,fiscal_2024_25_q2,1097.0,
wine,Israel Wine Israel Red Wine 864,Israel Wine Israel Red Wine 864,fiscal_2024_25_q3,1080.0,
wine,Israel Wine Israel Red Wine 864,Israel Wine Israel Red Wine 864,fiscal_2024_25_q4,1278.0,
wine,Israel Wine Israel Red Wine 864,Israel Wine Israel Red Wine 864,fiscal_2025_26_q1,,
wine,Italy Red Wine,Italy Red Wine,fiscal_2024_25_q1,475990.0,11191726.0
wine,Italy Red Wine,Italy Red Wine,fiscal_2024_25_q2,469248.0,10791407.0
wine,Italy Red Wine,Italy Red Wine,fiscal_2024_25_q3,672338.0,16392718.0
wine,Italy Red Wine,Italy Red Wine,fiscal_2024_25_q4,497708.0,12237708.0
wine,Italy Red Wine,Italy Red Wine,fiscal_2025_26_q1,539982.0,12625376.0
wine,Italy Rose Wine,Italy Rose Wine,fiscal_2024_25_q1,20661.0,440735.0
wine,Italy Rose Wine,Italy Rose Wine,fiscal_2024_25_q2,20129.0,431305.0
wine,Italy Rose Wine,Italy Rose Wine,fiscal_2024_25_q3,9111.0,194667.0
wine,Italy Rose Wine,Italy Rose Wine,fiscal_2024_25_q4,9476.0,203512.0
wine,Italy Rose Wine,Italy Rose Wine,fiscal_2025_26_q1,20491.0,441388.0
wine,Italy Sparkling Wine,Italy Sparkling Wine,fiscal_2024_25_q1,111597.0,2138330.0
wine,Italy Sparkling Wine,Italy Sparkling Wine,fiscal_2024_25_q2,117707.0,2309254.0
wine,Italy Sparkling Wine,Italy Sparkling Wine,fiscal_2024_25_q3,131371.0,2696387.0
wine,Italy Sparkling Wine,Italy Sparkling Wine,fiscal_2024_25_q4,93058.0,1839617.0
wine,Italy Sparkling Wine,Italy Sparkling Wine,fiscal_2025_26_q1,119140.0,2262481.0
wine,Italy White Wine,Italy White Wine,fiscal_2024_25_q1,378248.0,6195322.0
wine,Italy White Wine,Italy White Wine,fiscal_2024_25_q2,392020.0,6545400.0
wine,Italy White Wine,Italy White Wine,fiscal_2024_25_q3,389952.0,6456173.0
wine,Italy White Wine,Italy White Wine,fiscal_2024_25_q4,308088.0,5151102.0
wine,Italy White Wine,Italy White Wine,fiscal_2025_26_q1,421745.0,6892586.0
wine,Italy Wine Italy Fruit and Dessert Wine,Italy Wine Italy Fruit and Dessert Wine,fiscal_2024_25_q1,,12611.0
wine,Italy Wine Italy Fruit and Dessert Wine,Italy Wine Italy Fruit and Dessert Wine,fiscal_2024_25_q2,,14910.0
wine,Italy Wine Italy Fruit and Dessert Wine,Italy Wine Italy Fruit and Dessert Wine,fiscal_2024_25_q3,,15493.0
wine,Italy Wine Italy Fruit and Dessert Wine,Italy Wine Italy Fruit and Dessert Wine,fiscal_2024_25_q4,,4826.0
wine,Italy Wine Italy Fruit and Dessert Wine,Italy Wine Italy Fruit and Dessert Wine,fiscal_2025_26_q1,,12353.0
wine,New Zealand Red Wine,New Zealand Red Wine,fiscal_2024_25_q1,22509.0,495618.0
wine,New Zealand Red Wine,New Zealand Red Wine,fiscal_2024_25_q2,21304.0,504934.0
wine,New Zealand Red Wine,New Zealand Red Wine,fiscal_2024_25_q3,33628.0,671656.0
wine,New Zealand Red Wine,New Zealand Red Wine,fiscal_2024_25_q4,16906.0,400455.0
wine,New Zealand Red Wine,New Zealand Red Wine,fiscal_2025_26_q1,27203.0,608864.0
wine,New Zealand Rose Wine,New Zealand Rose Wine,fiscal_2024_25_q1,20200.0,395464.0
wine,New Zealand Rose Wine,New Zealand Rose Wine,fiscal_2024_25_q2,20656.0,388213.0
wine,New Zealand Rose Wine,New Zealand Rose Wine,fiscal_2024_25_q3,9846.0,190718.0
wine,New Zealand Rose Wine,New Zealand Rose Wine,fiscal_2024_25_q4,7844.0,153259.0
wine,New Zealand Rose Wine,New Zealand Rose Wine,fiscal_2025_26_q1,26762.0,477096.0
wine,New Zealand Sparkling Wine,New Zealand Sparkling Wine,fiscal_2024_25_q1,3122.0,65685.0
wine,New Zealand Sparkling Wine,New Zealand Sparkling Wine,fiscal_2024_25_q2,3127.0,65406.0
wine,New Zealand Sparkling Wine,New Zealand Sparkling Wine,fiscal_2024_25_q3,7214.0,143345.0
wine,New Zealand Sparkling Wine,New Zealand Sparkling Wine,fiscal_2024_25_q4,3091.0,68956.0
wine,New Zealand Sparkling Wine,New Zealand Sparkling Wine,fiscal_2025_26_q1,2835.0,57643.0
wine,New Zealand White Wine,New Zealand White Wine,fiscal_2024_25_q1,741109.0,13724700.0
wine,New Zealand White Wine,New Zealand White Wine,fiscal_2024_25_q2,670796.0,12427887.0
wine,New Zealand White Wine,New Zealand White Wine,fiscal_2024_25_q3,819687.0,14734729.0
wine,New Zealand White Wine,New Zealand White Wine,fiscal_2024_25_q4,484533.0,9335123.0
wine,New Zealand White Wine,New Zealand White Wine,fiscal_2025_26_q1,835325.0,15157124.0
wine,New Zealand Wine New Zealand Fruit and Dessert Wine,New Zealand Wine New Zealand Fruit and Dessert Wine,fiscal_2024_25_q1,,0.0
wine,New Zealand Wine New Zealand Fruit and Dessert Wine,New Zealand Wine New Zealand Fruit and Dessert Wine,fiscal_2024_25_q2,,0.0
wine,New Zealand Wine New Zealand Fruit and Dessert Wine,New Zealand Wine New Zealand Fruit and Dessert Wine,fiscal_2024_25_q3,,816.0
wine,New Zealand Wine New Zealand Fruit and Dessert Wine,New Zealand Wine New Zealand Fruit and Dessert Wine,fiscal_2024_25_q4,,0.0
wine,New Zealand Wine New Zealand Fruit and Dessert Wine,New Zealand Wine New Zealand Fruit and Dessert Wine,fiscal_2025_26_q1,,0.0
wine,Other Country Red Wine,Other Country Red Wine,fiscal_2024_25_q1,4750.0,121584.0
wine,Other Country Red Wine,Other Country Red Wine,fiscal_2024_25_q2,4742.0,123044.0
wine,Other Country Red Wine,Other Country Red Wine,fiscal_2024_25_q3,7220.0,168474.0
wine,Other Country Red Wine,Other Country Red Wine,fiscal_2024_25_q4,4790.0,125273.0
wine,Other Country Red Wine,Other Country Red Wine,fiscal_2025_26_q1,4946.0,137165.0
wine,Other Country Rose Wine,Other Country Rose Wine,fiscal_2024_25_q1,,20834.0
wine,Other Country Rose Wine,Other Country Rose Wine,fiscal_2024_25_q2,,20075.0
wine,Other Country Rose Wine,Other Country Rose Wine,fiscal_2024_25_q3,,9597.0
wine,Other Country Rose Wine,Other Country Rose Wine,fiscal_2024_25_q4,,12771.0
wine,Other Country Rose Wine,Other Country Rose Wine,fiscal_2025_26_q1,,13704.0
wine,Other Country Sake,Other Country Sake,fiscal_2024_25_q1,3143.0,87092.0
wine,Other Country Sake,Other Country Sake,fiscal_2024_25_q2,4512.0,135215.0
wine,Other Country Sake,Other Country Sake,fiscal_2024_25_q3,4327.0,136869.0
wine,Other Country Sake,Other Country Sake,fiscal_2024_25_q4,3370.0,97554.0
wine,Other Country Sake,Other Country Sake,fiscal_2025_26_q1,4433.0,151733.0
wine,Other Country Sparkling Wine,Other Country Sparkling Wine,fiscal_2024_25_q1,,28438.0
wine,Other Country Sparkling Wine,Other Country Sparkling Wine,fiscal_2024_25_q2,,26997.0
wine,Other Country Sparkling Wine,Other Country Sparkling Wine,fiscal_2024_25_q3,,26056.0
wine,Other Country Sparkling Wine,Other Country Sparkling Wine,fiscal_2024_25_q4,,23817.0
wine,Other Country Sparkling Wine,Other Country Sparkling Wine,fiscal_2025_26_q1,,32071.0
wine,Other Country Sparkling Wine 664 937 853,Other Country Sparkling Wine 664 937 853,fiscal_2024_25_q1,1064.0,
wine,Other Country Sparkling Wine 664 937 853,Other Country Sparkling Wine 664 937 853,fiscal_2024_25_q2,1393.0,
wine,Other Country Sparkling Wine 664 937 853,Other Country Sparkling Wine 664 937 853,fiscal_2024_25_q3,,
wine,Other Country Sparkling Wine 664 937 853,Other Country Sparkling Wine 664 937 853,fiscal_2024_25_q4,,
wine,Other Country Sparkling Wine 664 937 853,Other Country Sparkling Wine 664 937 853,fiscal_2025_26_q1,,
wine,Other Country White Wine,Other Country White Wine,fiscal_2024_25_q1,2818.0,77055.0
wine,Other Country White Wine,Other Country White Wine,fiscal_2024_25_q2,3620.0,90144.0
wine,Other Country White Wine,Other Country White Wine,fiscal_2024_25_q3,3504.0,91152.0
wine,Other Country White Wine,Other Country White Wine,fiscal_2024_25_q4,2938.0,86285.0
wine,Other Country White Wine,Other Country White Wine,fiscal_2025_26_q1,3674.0,108090.0
wine,Other Country Wine Other Country Fruit and Dessert Wine,Other Country Wine Other Country Fruit and Dessert Wine,fiscal_2024_25_q1,19308.0,336479.0
wine,Other Country Wine Other Country Fruit and Dessert Wine,Other Country Wine Other Country Fruit and Dessert Wine,fiscal_2024_25_q2,19130.0,325207.0
wine,Other Country Wine Other Country Fruit and Dessert Wine,Other Country Wine Other Country Fruit and Dessert Wine,fiscal_2024_25_q3,21736.0,390864.0
wine,Other Country Wine Other Country Fruit and Dessert Wine,Other Country Wine Other Country Fruit and Dessert Wine,fiscal_2024_25_q4,21611.0,391101.0
wine,Other Country Wine Other Country Fruit and Dessert Wine,Other Country Wine Other Country Fruit and Dessert Wine,fiscal_2025_26_q1,17577.0,326520.0
wine,Other Fortified Import Wine,Other Fortified Import Wine,fiscal_2024_25_q1,14655.0,331262.0
wine,Other Fortified Import Wine,Other Fortified Import Wine,fiscal_2024_25_q2,12711.0,302519.0
wine,Other Fortified Import Wine,Other Fortified Import Wine,fiscal_2024_25_q3,19180.0,444144.0
wine,Other Fortified Import Wine,Other Fortified Import Wine,fiscal_2024_25_q4,14578.0,344998.0
wine,Other Fortified Import Wine,Other Fortified Import Wine,fiscal_2025_26_q1,13742.0,352124.0
wine,Other Style Wine Aperitif And Flavoured Wine,Other Style Wine Aperitif And Flavoured Wine,fiscal_2024_25_q1,4352.0,74441.0
wine,Other Style Wine Aperitif And Flavoured Wine,Other Style Wine Aperitif And Flavoured Wine,fiscal_2024_25_q2,4425.0,75188.0
wine,Other Style Wine Aperitif And Flavoured Wine,Other Style Wine Aperitif And Flavoured Wine,fiscal_2024_25_q3,5340.0,97573.0
wine,Other Style Wine Aperitif And Flavoured Wine,Other Style Wine Aperitif And Flavoured Wine,fiscal_2024_25_q4,4036.0,68503.0
wine,Other Style Wine Aperitif And Flavoured Wine,Other Style Wine Aperitif And Flavoured Wine,fiscal_2025_26_q1,2623.0,28825.0
wine,Other Style Wine Mead,Other Style Wine Mead,fiscal_2024_25_q1,5725.0,148338.0
wine,Other Style Wine Mead,Other Style Wine Mead,fiscal_2024_25_q2,11916.0,298847.0
wine,Other Style Wine Mead,Other Style Wine Mead,fiscal_2024_25_q3,6171.0,165302.0
wine,Other Style Wine Mead,Other Style Wine Mead,fiscal_2024_25_q4,5850.0,147698.0
wine,Other Style Wine Mead,Other Style Wine Mead,fiscal_2025_26_q1,6041.0,157728.0
wine,Port Wine,Port Wine,fiscal_2024_25_q1,13320.0,434341.0
wine,Port Wine,Port Wine,fiscal_2024_25_q2,14200.0,493539.0
wine,Port Wine,Port Wine,fiscal_2024_25_q3,32098.0,1125303.0
wine,Port Wine,Port Wine,fiscal_2024_25_q4,14973.0,505466.0
wine,Port Wine,Port Wine,fiscal_2025_26_q1,14468.0,479140.0
wine,Portugal Red Wine,Portugal Red Wine,fiscal_2024_25_q1,95884.0,1257453.0
wine,Portugal Red Wine,Portugal Red Wine,fiscal_2024_25_q2,73616.0,953129.0
wine,Portugal Red Wine,Portugal Red Wine,fiscal_2024_25_q3,107782.0,1405792.0
wine,Portugal Red Wine,Portugal Red Wine,fiscal_2024_25_q4,88456.0,1190390.0
wine,Portugal Red Wine,Portugal Red Wine,fiscal_2025_26_q1,86871.0,1113329.0
wine,Portugal Rose Wine,Portugal Rose Wine,fiscal_2024_25_q1,22112.0,271702.0
wine,Portugal Rose Wine,Portugal Rose Wine,fiscal_2024_25_q2,23585.0,285855.0
wine,Portugal Rose Wine,Portugal Rose Wine,fiscal_2024_25_q3,19362.0,218594.0
wine,Portugal Rose Wine,Portugal Rose Wine,fiscal_2024_25_q4,14212.0,163069.0
wine,Portugal Rose Wine,Portugal Rose Wine,fiscal_2025_26_q1,16999.0,208328.0
wine,Portugal Sparkling Wine,Portugal Sparkling Wine,fiscal_2024_25_q1,,7528.0
wine,Portugal Sparkling Wine,Portugal Sparkling Wine,fiscal_2024_25_q2,,4606.0
wine,Portugal Sparkling Wine,Portugal Sparkling Wine,fiscal_2024_25_q3,,2703.0
wine,Portugal Sparkling Wine,Portugal Sparkling Wine,fiscal_2024_25_q4,,1272.0
wine,Portugal Sparkling Wine,Portugal Sparkling Wine,fiscal_2025_26_q1,,2809.0
wine,Portugal White Wine,Portugal White Wine,fiscal_2024_25_q1,44672.0,635468.0
wine,Portugal White Wine,Portugal White Wine,fiscal_2024_25_q2,53614.0,758659.0
wine,Portugal White Wine,Portugal White Wine,fiscal_2024_25_q3,28831.0,445330.0
wine,Portugal White Wine,Portugal White Wine,fiscal_2024_25_q4,33968.0,489007.0
wine,Portugal White Wine,Portugal White Wine,fiscal_2025_26_q1,49834.0,662673.0
wine,Portugal Wine Portugal Fruit and Dessert Wine,Portugal Wine Portugal Fruit and Dessert Wine,fiscal_2024_25_q1,,1295.0
wine,Portugal Wine Portugal Fruit and Dessert Wine,Portugal Wine Portugal Fruit and Dessert Wine,fiscal_2024_25_q2,,351.0
wine,Portugal Wine Portugal Fruit and Dessert Wine,Portugal Wine Portugal Fruit and Dessert Wine,fiscal_2024_25_q3,,1737.0
wine,Portugal Wine Portugal Fruit and Dessert Wine,Portugal Wine Portugal Fruit and Dessert Wine,fiscal_2024_25_q4,,3347.0
wine,Portugal Wine Portugal Fruit and Dessert Wine,Portugal Wine Portugal Fruit and Dessert Wine,fiscal_2025_26_q1,,4169.0
wine,Prosecco Wine,Prosecco Wine,fiscal_2024_25_q1,335645.0,7211337.0
wine,Prosecco Wine,Prosecco Wine,fiscal_2024_25_q2,371476.0,8102783.0
wine,Prosecco Wine,Prosecco Wine,fiscal_2024_25_q3,515043.0,11038629.0
wine,Prosecco Wine,Prosecco Wine,fiscal_2024_25_q4,231505.0,5054863.0
wine,Prosecco Wine,Prosecco Wine,fiscal_2025_26_q1,381476.0,7914885.0
wine,Rice Wine,Rice Wine,fiscal_2024_25_q1,5867.0,69799.0
wine,Rice Wine,Rice Wine,fiscal_2024_25_q2,5602.0,68782.0
wine,Rice Wine,Rice Wine,fiscal_2024_25_q3,6446.0,76682.0
wine,Rice Wine,Rice Wine,fiscal_2024_25_q4,6343.0,69328.0
wine,Rice Wine,Rice Wine,fiscal_2025_26_q1,5390.0,55181.0
wine,Sake Japan Sake,Sake Japan Sake,fiscal_2024_25_q1,59785.0,1988730.0
wine,Sake Japan Sake,Sake Japan Sake,fiscal_2024_25_q2,58464.0,2099259.0
wine,Sake Japan Sake,Sake Japan Sake,fiscal_2024_25_q3,71519.0,2458376.0
wine,Sake Japan Sake,Sake Japan Sake,fiscal_2024_25_q4,72252.0,2468168.0
wine,Sake Japan Sake,Sake Japan Sake,fiscal_2025_26_q1,74605.0,2334830.0
wine,Sherry Wine,Sherry Wine,fiscal_2024_25_q1,10388.0,235806.0
wine,Sherry Wine,Sherry Wine,fiscal_2024_25_q2,9408.0,211104.0
wine,Sherry Wine,Sherry Wine,fiscal_2024_25_q3,21825.0,471357.0
wine,Sherry Wine,Sherry Wine,fiscal_2024_25_q4,11470.0,265364.0
wine,Sherry Wine,Sherry Wine,fiscal_2025_26_q1,10146.0,230111.0
wine,South Africa Red Wine,South Africa Red Wine,fiscal_2024_25_q1,55082.0,793956.0
wine,South Africa Red Wine,South Africa Red Wine,fiscal_2024_25_q2,45702.0,681854.0
wine,South Africa Red Wine,South Africa Red Wine,fiscal_2024_25_q3,70040.0,976007.0
wine,South Africa Red Wine,South Africa Red Wine,fiscal_2024_25_q4,57129.0,825874.0
wine,South Africa Red Wine,South Africa Red Wine,fiscal_2025_26_q1,49047.0,776638.0
wine,South Africa Rose Wine,South Africa Rose Wine,fiscal_2024_25_q1,2422.0,40245.0
wine,South Africa Rose Wine,South Africa Rose Wine,fiscal_2024_25_q2,3092.0,49933.0
wine,South Africa Rose Wine,South Africa Rose Wine,fiscal_2024_25_q3,1263.0,20884.0
wine,South Africa Rose Wine,South Africa Rose Wine,fiscal_2024_25_q4,1263.0,21316.0
wine,South Africa Rose Wine,South Africa Rose Wine,fiscal_2025_26_q1,2574.0,43399.0
wine,South Africa Sparkling Wine,South Africa Sparkling Wine,fiscal_2024_25_q1,,3002.0
wine,South Africa Sparkling Wine,South Africa Sparkling Wine,fiscal_2024_25_q2,,4402.0
wine,South Africa Sparkling Wine,South Africa Sparkling Wine,fiscal_2024_25_q3,,2550.0
wine,South Africa Sparkling Wine,South Africa Sparkling Wine,fiscal_2024_25_q4,,9543.0
wine,South Africa Sparkling Wine,South Africa Sparkling Wine,fiscal_2025_26_q1,,1529.0
wine,South Africa White Wine,South Africa White Wine,fiscal_2024_25_q1,69252.0,944501.0
wine,South Africa White Wine,South Africa White Wine,fiscal_2024_25_q2,81966.0,1049252.0
wine,South Africa White Wine,South Africa White Wine,fiscal_2024_25_q3,73371.0,959037.0
wine,South Africa White Wine,South Africa White Wine,fiscal_2024_25_q4,67044.0,874551.0
wine,South Africa White Wine,South Africa White Wine,fiscal_2025_26_q1,78773.0,1041383.0
wine,South Africa Wine South Africa Fruit and Dessert Wine,South Africa Wine South Africa Fruit and Dessert Wine,fiscal_2024_25_q1,,211.0
wine,South Africa Wine South Africa Fruit and Dessert Wine,South Africa Wine South Africa Fruit and Dessert Wine,fiscal_2024_25_q2,,633.0
wine,South Africa Wine South Africa Fruit and Dessert Wine,South Africa Wine South Africa Fruit and Dessert Wine,fiscal_2024_25_q3,,633.0
wine,South Africa Wine South Africa Fruit and Dessert Wine,South Africa Wine South Africa Fruit and Dessert Wine,fiscal_2024_25_q4,,149.0
wine,South Africa Wine South Africa Fruit and Dessert Wine,South Africa Wine South Africa Fruit and Dessert Wine,fiscal_2025_26_q1,,0.0
wine,Spain Red Wine,Spain Red Wine,fiscal_2024_25_q1,215764.0,3175143.0
wine,Spain Red Wine,Spain Red Wine,fiscal_2024_25_q2,219964.0,3314456.0
wine,Spain Red Wine,Spain Red Wine,fiscal_2024_25_q3,259213.0,3991021.0
wine,Spain Red Wine,Spain Red Wine,fiscal_2024_25_q4,311124.0,4221282.0
wine,Spain Red Wine,Spain Red Wine,fiscal_2025_26_q1,225308.0,3500023.0
wine,Spain Rose Wine,Spain Rose Wine,fiscal_2024_25_q1,17822.0,189851.0
wine,Spain Rose Wine,Spain Rose Wine,fiscal_2024_25_q2,21482.0,232375.0
wine,Spain Rose Wine,Spain Rose Wine,fiscal_2024_25_q3,9580.0,102851.0
wine,Spain Rose Wine,Spain Rose Wine,fiscal_2024_25_q4,43149.0,376712.0
wine,Spain Rose Wine,Spain Rose Wine,fiscal_2025_26_q1,23188.0,252592.0
wine,Spain Sparkling Wine,Spain Sparkling Wine,fiscal_2024_25_q1,58894.0,1164367.0
wine,Spain Sparkling Wine,Spain Sparkling Wine,fiscal_2024_25_q2,68700.0,1336991.0
wine,Spain Sparkling Wine,Spain Sparkling Wine,fiscal_2024_25_q3,106416.0,2001632.0
wine,Spain Sparkling Wine,Spain Sparkling Wine,fiscal_2024_25_q4,57021.0,1085693.0
wine,Spain Sparkling Wine,Spain Sparkling Wine,fiscal_2025_26_q1,64546.0,1242881.0
wine,Spain White Wine,Spain White Wine,fiscal_2024_25_q1,35298.0,552259.0
wine,Spain White Wine,Spain White Wine,fiscal_2024_25_q2,29498.0,510972.0
wine,Spain White Wine,Spain White Wine,fiscal_2024_25_q3,30390.0,481192.0
wine,Spain White Wine,Spain White Wine,fiscal_2024_25_q4,65276.0,725451.0
wine,Spain White Wine,Spain White Wine,fiscal_2025_26_q1,37506.0,606328.0
wine,Spain Wine Spain Fruit and Dessert Wine,Spain Wine Spain Fruit and Dessert Wine,fiscal_2024_25_q1,,12277.0
wine,Spain Wine Spain Fruit and Dessert Wine,Spain Wine Spain Fruit and Dessert Wine,fiscal_2024_25_q2,,11577.0
wine,Spain Wine Spain Fruit and Dessert Wine,Spain Wine Spain Fruit and Dessert Wine,fiscal_2024_25_q3,,12766.0
wine,Spain Wine Spain Fruit and Dessert Wine,Spain Wine Spain Fruit and Dessert Wine,fiscal_2024_25_q4,,11156.0
wine,Spain Wine Spain Fruit and Dessert Wine,Spain Wine Spain Fruit and Dessert Wine,fiscal_2025_26_q1,,10707.0
wine,USA Red Wine (),USA Red Wine (),fiscal_2024_25_q1,,23305230.0
wine,USA Red Wine (),USA Red Wine (),fiscal_2024_25_q2,,19952741.0
wine,USA Red Wine (),USA Red Wine (),fiscal_2024_25_q3,,32164110.0
wine,USA Red Wine (),USA Red Wine (),fiscal_2024_25_q4,,15494049.0
wine,USA Red Wine (),USA Red Wine (),fiscal_2025_26_q1,,1982706.0
wine,USA Red Wine -,USA Red Wine -,fiscal_2024_25_q1,937066.0,
wine,USA Red Wine -,USA Red Wine -,fiscal_2024_25_q2,842283.0,
wine,USA Red Wine -,USA Red Wine -,fiscal_2024_25_q3,1344069.0,
wine,USA Red Wine -,USA Red Wine -,fiscal_2024_25_q4,623654.0,
wine,USA Red Wine -,USA Red Wine -,fiscal_2025_26_q1,46670.0,
wine,USA Sake,USA Sake,fiscal_2024_25_q1,65642.0,681661.0
wine,USA Sake,USA Sake,fiscal_2024_25_q2,55761.0,576542.0
wine,USA Sake,USA Sake,fiscal_2024_25_q3,69615.0,718437.0
wine,USA Sake,USA Sake,fiscal_2024_25_q4,73699.0,716698.0
wine,USA Sake,USA Sake,fiscal_2025_26_q1,16204.0,190588.0
wine,USA Sparkling Wine (),USA Sparkling Wine (),fiscal_2024_25_q1,,164079.0
wine,USA Sparkling Wine (),USA Sparkling Wine (),fiscal_2024_25_q2,,260048.0
wine,USA Sparkling Wine (),USA Sparkling Wine (),fiscal_2024_25_q3,,401020.0
wine,USA Sparkling Wine (),USA Sparkling Wine (),fiscal_2024_25_q4,,181785.0
wine,USA Sparkling Wine (),USA Sparkling Wine (),fiscal_2025_26_q1,,4180.0
wine,USA Sparkling Wine -173,USA Sparkling Wine -173,fiscal_2024_25_q1,7987.0,
wine,USA Sparkling Wine -173,USA Sparkling Wine -173,fiscal_2024_25_q2,20415.0,
wine,USA Sparkling Wine -173,USA Sparkling Wine -173,fiscal_2024_25_q3,31718.0,
wine,USA Sparkling Wine -173,USA Sparkling Wine -173,fiscal_2024_25_q4,10889.0,
wine,USA Sparkling Wine -173,USA Sparkling Wine -173,fiscal_2025_26_q1,,
wine,USA White Wine,USA White Wine,fiscal_2024_25_q1,400834.0,7028774.0
wine,USA White Wine,USA White Wine,fiscal_2024_25_q2,392368.0,7257400.0
wine,USA White Wine,USA White Wine,fiscal_2024_25_q3,383740.0,7095949.0
wine,USA White Wine,USA White Wine,fiscal_2024_25_q4,239307.0,4457209.0
wine,USA White Wine,USA White Wine,fiscal_2025_26_q1,11449.0,118843.0
wine,USA Wine USA Fruit and Dessert Wine,USA Wine USA Fruit and Dessert Wine,fiscal_2024_25_q1,,300.0
wine,USA Wine USA Fruit and Dessert Wine,USA Wine USA Fruit and Dessert Wine,fiscal_2024_25_q2,,0.0
wine,USA Wine USA Fruit and Dessert Wine,USA Wine USA Fruit and Dessert Wine,fiscal_2024_25_q3,,0.0
wine,USA Wine USA Fruit and Dessert Wine,USA Wine USA Fruit and Dessert Wine,fiscal_2024_25_q4,,27777.0
wine,USA Wine USA Fruit and Dessert Wine,USA Wine USA Fruit and Dessert Wine,fiscal_2025_26_q1,,0.0
wine,USA Wine USA Fruit and Dessert Wine 6 0 0 0,USA Wine USA Fruit and Dessert Wine 6 0 0 0,fiscal_2024_25_q1,1776.0,
wine,USA Wine USA Fruit and Dessert Wine 6 0 0 0,USA Wine USA Fruit and Dessert Wine 6 0 0 0,fiscal_2024_25_q2,,
wine,USA Wine USA Fruit and Dessert Wine 6 0 0 0,USA Wine USA Fruit and Dessert Wine 6 0 0 0,fiscal_2024_25_q3,,
wine,USA Wine USA Fruit and Dessert Wine 6 0 0 0,USA Wine USA Fruit and Dessert Wine 6 0 0 0,fiscal_2024_25_q4,,
wine,USA Wine USA Fruit and Dessert Wine 6 0 0 0,USA Wine USA Fruit and Dessert Wine 6 0 0 0,fiscal_2025_26_q1,,
wine,USA Wine USA Rose Wine,USA Wine USA Rose Wine,fiscal_2024_25_q1,63506.0,852861.0
wine,USA Wine USA Rose Wine,USA Wine USA Rose Wine,fiscal_2024_25_q2,68895.0,919741.0
wine,USA Wine USA Rose Wine,USA Wine USA Rose Wine,fiscal_2024_25_q3,57862.0,704739.0
wine,USA Wine USA Rose Wine,USA Wine USA Rose Wine,fiscal_2024_25_q4,44886.0,539748.0
wine,USA Wine USA Rose Wine,USA Wine USA Rose Wine,fiscal_2025_26_q1,21028.0,264175.0
wine,Vermouth Wine,Vermouth Wine,fiscal_2024_25_q1,58080.0,862885.0
wine,Vermouth Wine,Vermouth Wine,fiscal_2024_25_q2,55300.0,847477.0
wine,Vermouth Wine,Vermouth Wine,fiscal_2024_25_q3,68827.0,1028428.0
wine,Vermouth Wine,Vermouth Wine,fiscal_2024_25_q4,51524.0,797168.0
wine,Vermouth Wine,Vermouth Wine,fiscal_2025_26_q1,55291.0,887966.0
